stop_name,latitude,longitude,description
Αφετηρία Πλαζ,38.2805979,21.7535429,Εξυπηρετεί τις γραμμές:<br>101 Εγλυκάδα<br>102 Διάκου<br>103 Ρωμανού - Ελεκίστρα<br>105 Πλαζ<br>301 Ζαρουχλέικα<br>303 Θερμοπυλών - Πλαζ
Πλαζ 3,38.2815815,21.7490987,Εξυπηρετεί τις γραμμές:<br>101 Εγλυκάδα<br>102 Διάκου<br>103 Ρωμανού - Ελεκίστρα<br>301 Ζαρουχλέικα
Πλαζ 2,38.2776748,21.7451711,Εξυπηρετεί τις γραμμές:<br>101 Εγλυκάδα<br>102 Διάκου<br>103 Ρωμανού - Ελεκίστρα<br>301 Ζαρουχλέικα
Πλαζ 1,38.2740416,21.7427638,Εξυπηρετεί τις γραμμές:<br>101 Εγλυκάδα<br>102 Διάκου<br>103 Ρωμανού - Ελεκίστρα<br>301 Ζαρουχλέικα
Ρομάντζα,38.272294,21.742346,Εξυπηρετεί τις γραμμές:<br>101 Εγλυκάδα<br>102 Διάκου<br>103 Ρωμανού - Ελεκίστρα
Ματθαίου,38.271364,21.743895,Εξυπηρετεί τις γραμμές:<br>101 Εγλυκάδα<br>102 Διάκου<br>103 Ρωμανού - Ελεκίστρα
Αγυιά (Γραμμές),38.270466,21.745364,Εξυπηρετεί τις γραμμές:<br>101 Εγλυκάδα<br>102 Διάκου<br>103 Ρωμανού - Ελεκίστρα
Άγιος Κωνσταντίνος,38.269352,21.747192,Εξυπηρετεί τις γραμμές:<br>101 Εγλυκάδα<br>102 Διάκου<br>103 Ρωμανού - Ελεκίστρα
Νοταρά & Χορτάτζη,38.268284,21.748785,Εξυπηρετεί τις γραμμές:<br>101 Εγλυκάδα<br>102 Διάκου<br>103 Ρωμανού - Ελεκίστρα
Πινδάρου,38.267211,21.74808,Εξυπηρετεί τις γραμμές:<br>101 Εγλυκάδα<br>102 Διάκου<br>103 Ρωμανού - Ελεκίστρα
Ανθοπωλείο,38.265936,21.746682,Εξυπηρετεί τις γραμμές:<br>101 Εγλυκάδα<br>102 Διάκου<br>103 Ρωμανού - Ελεκίστρα
Νοταρά & Αμερικής,38.263914,21.744788,Εξυπηρετεί τις γραμμές:<br>101 Εγλυκάδα<br>102 Διάκου<br>103 Ρωμανού - Ελεκίστρα
Γήπεδο Παναχαϊκής,38.261762,21.743465,Εξυπηρετεί τις γραμμές:<br>101 Εγλυκάδα<br>102 Διάκου<br>103 Ρωμανού - Ελεκίστρα
Λευκωσίας,38.260159,21.742684,Εξυπηρετεί τις γραμμές:<br>101 Εγλυκάδα<br>102 Διάκου<br>103 Ρωμανού - Ελεκίστρα
ΕΛΤΑ,38.258725,21.742099,Εξυπηρετεί τις γραμμές:<br>101 Εγλυκάδα<br>102 Διάκου<br>103 Ρωμανού - Ελεκίστρα
Αγίας Σοφίας,38.25695,21.741396,Εξυπηρετεί τις γραμμές:<br>101 Εγλυκάδα<br>102 Διάκου<br>103 Ρωμανού - Ελεκίστρα
Πλατεία Αγίας Λαύρας - ΙΚΑ,38.25522,21.740666,Εξυπηρετεί τις γραμμές:<br>101 Εγλυκάδα<br>102 Διάκου<br>103 Ρωμανού - Ελεκίστρα
Νόρμαν,38.253473,21.740196,Εξυπηρετεί τις γραμμές:<br>101 Εγλυκάδα<br>102 Διάκου<br>103 Ρωμανού - Ελεκίστρα
Μουρούζη,38.252243,21.740206,Εξυπηρετεί τις γραμμές:<br>101 Εγλυκάδα<br>102 Διάκου<br>103 Ρωμανού - Ελεκίστρα
Παλιό Αρσάκειο,38.250681,21.740163,Εξυπηρετεί τις γραμμές:<br>101 Εγλυκάδα<br>102 Διάκου<br>103 Ρωμανού - Ελεκίστρα<br>201 ΤΕΙ - Ταραμπούρα<br>301 Ζαρουχλέικα<br>302 Λεύκα<br>609 Κέντρο
Παλαιό Μουσείο,38.249366,21.738488,Εξυπηρετεί τις γραμμές:<br>101 Εγλυκάδα<br>102 Διάκου<br>103 Ρωμανού - Ελεκίστρα<br>201 ΤΕΙ - Ταραμπούρα<br>301 Ζαρουχλέικα<br>302 Λεύκα<br>609 Κέντρο
Αγίου Νικολάου,38.248061,21.736819,Εξυπηρετεί τις γραμμές:<br>101 Εγλυκάδα<br>102 Διάκου<br>103 Ρωμανού - Ελεκίστρα<br>201 ΤΕΙ - Ταραμπούρα<br>301 Ζαρουχλέικα<br>302 Λεύκα<br>609 Κέντρο
Πλατεία Γεωργίου,38.246583,21.734399,Εξυπηρετεί τις γραμμές:<br>101 Εγλυκάδα<br>102 Διάκου<br>103 Ρωμανού - Ελεκίστρα<br>201 ΤΕΙ - Ταραμπούρα<br>301 Ζαρουχλέικα<br>302 Λεύκα<br>501 Τσουκαλέικα - Μονοδένδρι<br>502 Μιντιλόγλι
Δημαρχείο Πάτρας,38.245087,21.732976,Εξυπηρετεί τις γραμμές:<br>101 Εγλυκάδα<br>102 Διάκου<br>103 Ρωμανού - Ελεκίστρα<br>201 ΤΕΙ - Ταραμπούρα<br>301 Ζαρουχλέικα<br>302 Λεύκα<br>501 Τσουκαλέικα - Μονοδένδρι<br>502 Μιντιλόγλι
ΟΤΕ,38.243263,21.733688,Εξυπηρετεί τις γραμμές:<br>101 Εγλυκάδα<br>102 Διάκου<br>103 Ρωμανού - Ελεκίστρα<br>702 Σούλι<br>703 Μπεγουλάκι - Σαραβάλι<br>704 Σαραβάλι - Κρήνη<br>706 Parking Περιβόλα<br>707 Σούλι - Σαραβάλι<br>801 Άνω - Κάτω Οβρυά - Δεμένικα<br>803 Καλλιθέα - Θέα - Δεμένικα
Ψηλά Αλώνια,38.242119,21.735909,Εξυπηρετεί τις γραμμές:<br>101 Εγλυκάδα<br>102 Διάκου<br>103 Ρωμανού - Ελεκίστρα<br>702 Σούλι<br>703 Μπεγουλάκι - Σαραβάλι<br>704 Σαραβάλι - Κρήνη<br>706 Parking Περιβόλα<br>707 Σούλι - Σαραβάλι<br>801 Άνω - Κάτω Οβρυά - Δεμένικα<br>803 Καλλιθέα - Θέα - Δεμένικα
Ομόνοια,38.240948,21.738981,Εξυπηρετεί τις γραμμές:<br>101 Εγλυκάδα<br>102 Διάκου<br>103 Ρωμανού - Ελεκίστρα<br>702 Σούλι<br>703 Μπεγουλάκι - Σαραβάλι<br>704 Σαραβάλι - Κρήνη<br>706 Parking Περιβόλα<br>707 Σούλι - Σαραβάλι<br>801 Άνω - Κάτω Οβρυά - Δεμένικα<br>803 Καλλιθέα - Θέα - Δεμένικα
Άγιος Δημήτριος,38.239973,21.741481,Εξυπηρετεί τις γραμμές:<br>101 Εγλυκάδα<br>102 Διάκου<br>103 Ρωμανού - Ελεκίστρα<br>702 Σούλι<br>703 Μπεγουλάκι - Σαραβάλι<br>704 Σαραβάλι - Κρήνη<br>706 Parking Περιβόλα<br>707 Σούλι - Σαραβάλι<br>801 Άνω - Κάτω Οβρυά - Δεμένικα<br>803 Καλλιθέα - Θέα - Δεμένικα
Γραίτζα Παλαιολόγου,38.238976,21.74368,Εξυπηρετεί τις γραμμές:<br>101 Εγλυκάδα<br>102 Διάκου<br>103 Ρωμανού - Ελεκίστρα
3ου Ορειβατικού,38.23916,21.745182,Εξυπηρετεί τις γραμμές:<br>101 Εγλυκάδα<br>102 Διάκου<br>103 Ρωμανού - Ελεκίστρα
Πλατεία Ταμπάχανα,38.240275,21.745802,Εξυπηρετεί τις γραμμές:<br>101 Εγλυκάδα<br>102 Διάκου<br>103 Ρωμανού - Ελεκίστρα<br>401 Αρόη
12ου Συντάγματος,38.239561,21.74795,Εξυπηρετεί τις γραμμές:<br>101 Εγλυκάδα<br>102 Διάκου<br>103 Ρωμανού - Ελεκίστρα
Γ' Νεκροταφείο Πατρών,38.238832,21.749651,Εξυπηρετεί τις γραμμές:<br>101 Εγλυκάδα<br>102 Διάκου<br>103 Ρωμανού - Ελεκίστρα
Εγλυκάδος,38.237523,21.751268,Εξυπηρετεί τις γραμμές:<br>101 Εγλυκάδα
Πάρκο,38.235401,21.752486,Εξυπηρετεί τις γραμμές:<br>101 Εγλυκάδα
Παρασκευοπούλου,38.233702,21.754643,Εξυπηρετεί τις γραμμές:<br>101 Εγλυκάδα
Κλεάρχου,38.232338,21.756834,Εξυπηρετεί τις γραμμές:<br>101 Εγλυκάδα
Σάντο,38.230773,21.758119,Εξυπηρετεί τις γραμμές:<br>101 Εγλυκάδα
Λυσάνδρου,38.229498,21.760936,Εξυπηρετεί τις γραμμές:<br>101 Εγλυκάδα
Λεωνίδου,38.227802,21.76203,Εξυπηρετεί τις γραμμές:<br>101 Εγλυκάδα
Άγιος Ανδρέας Εγλυκάδας,38.226862,21.761799,Εξυπηρετεί τις γραμμές:<br>101 Εγλυκάδα
41ο Δημοτικό Σχολείο Πατρών,38.225878,21.762006,Εξυπηρετεί τις γραμμές:<br>101 Εγλυκάδα
Πέλοπος,38.225551,21.7597,Εξυπηρετεί τις γραμμές:<br>101 Εγλυκάδα
Χάραμα,38.225718,21.758178,Εξυπηρετεί τις γραμμές:<br>101 Εγλυκάδα
Σικελιανού,38.225545,21.759594,Εξυπηρετεί τις γραμμές:<br>101 Εγλυκάδα
Μαραθωνομάχων,38.225776,21.762131,Εξυπηρετεί τις γραμμές:<br>101 Εγλυκάδα
Λοχαγού Φωτόπουλου,38.225747,21.763297,Εξυπηρετεί τις γραμμές:<br>101 Εγλυκάδα
Νεκροταφείο Εγλυκάδας,38.22588,21.766064,Εξυπηρετεί τις γραμμές:<br>101 Εγλυκάδα<br>105 Πλαζ
Αφετηρία Ρομάντζα,38.273077,21.743447,Εξυπηρετεί τις γραμμές:<br>101 Εγλυκάδα<br>102 Διάκου<br>103 Ρωμανού - Ελεκίστρα<br>104 Τερψιθέα
Σύνορα - ΚΕΤΧ,38.238266,21.751486,Εξυπηρετεί τις γραμμές:<br>102 Διάκου<br>103 Ρωμανού - Ελεκίστρα
Δούρος,38.238422,21.754535,Εξυπηρετεί τις γραμμές:<br>102 Διάκου<br>103 Ρωμανού - Ελεκίστρα
409 Στρατιωτικό Νοσοκομείο,38.237709,21.755466,Εξυπηρετεί τις γραμμές:<br>102 Διάκου<br>103 Ρωμανού - Ελεκίστρα
Προφήτης Ηλίας,38.236336,21.759061,Εξυπηρετεί τις γραμμές:<br>102 Διάκου<br>103 Ρωμανού - Ελεκίστρα
Οδός Γηροκομείου,38.235719,21.760643,Εξυπηρετεί τις γραμμές:<br>102 Διάκου<br>103 Ρωμανού - Ελεκίστρα
Παπάκου,38.235258,21.762303,Εξυπηρετεί τις γραμμές:<br>102 Διάκου<br>103 Ρωμανού - Ελεκίστρα
Στροφές,38.234472,21.763717,Εξυπηρετεί τις γραμμές:<br>102 Διάκου
Νοσημάτων Θώρακος,38.234938,21.766834,Εξυπηρετεί τις γραμμές:<br>102 Διάκου
Λυκόχωρος 1,38.235417,21.768323,Εξυπηρετεί τις γραμμές:<br>102 Διάκου
Λυκόχωρος 2,38.235548,21.770036,Εξυπηρετεί τις γραμμές:<br>102 Διάκου
Λυκόχωρος - Πηγή,38.23465,21.771911,Εξυπηρετεί τις γραμμές:<br>102 Διάκου
Λυκόχωρος - Adams,38.233669,21.774183,Εξυπηρετεί τις γραμμές:<br>102 Διάκου
Τέρμα Λυκόχωρος,38.233939,21.776324,Εξυπηρετεί τις γραμμές:<br>102 Διάκου
Στροφή Λυκόχωρου,38.235777,21.766324,Εξυπηρετεί τις γραμμές:<br>102 Διάκου
Μονή Γηροκομείου,38.236424,21.765914,Εξυπηρετεί τις γραμμές:<br>102 Διάκου
Μέριμνα,38.237923,21.764985,Εξυπηρετεί τις γραμμές:<br>102 Διάκου
Τέρμα Διάκου,38.238982,21.763344,Εξυπηρετεί τις γραμμές:<br>102 Διάκου<br>104 Τερψιθέα
46ο Δημ. Σχολείο Πατρών,38.233764,21.76295,Εξυπηρετεί τη γραμμή:<br>103 Ρωμανού - Ελεκίστρα
Στροφή Εγλυκάδας,38.23234,21.764175,Εξυπηρετεί τη γραμμή:<br>103 Ρωμανού - Ελεκίστρα
Τζόλλας,38.228824,21.771332,Εξυπηρετεί τη γραμμή:<br>103 Ρωμανού - Ελεκίστρα
Στροφή Τζόλλα,38.22777,21.774151,Εξυπηρετεί τη γραμμή:<br>103 Ρωμανού - Ελεκίστρα
Αγία Ειρήνη,38.227336,21.774763,Εξυπηρετεί τη γραμμή:<br>103 Ρωμανού - Ελεκίστρα
Περιμετρική,38.227994,21.776627,Εξυπηρετεί τη γραμμή:<br>103 Ρωμανού - Ελεκίστρα
Απόλαυση,38.22795,21.780763,Εξυπηρετεί τη γραμμή:<br>103 Ρωμανού - Ελεκίστρα
Ζωοδόχου Πηγής,38.228618,21.784001,Εξυπηρετεί τη γραμμή:<br>103 Ρωμανού - Ελεκίστρα
Ρωμανού 2,38.229173,21.787941,Εξυπηρετεί τη γραμμή:<br>103 Ρωμανού - Ελεκίστρα
Ρωμανού,38.22887,21.791157,Εξυπηρετεί τη γραμμή:<br>103 Ρωμανού - Ελεκίστρα
Ελεκίστρα,38.215992,21.801417,Εξυπηρετεί τις γραμμές:<br>103 Ρωμανού - Ελεκίστρα<br>104 Τερψιθέα
Ιωάννου Δαμασκηνού,38.231331,21.766683,Εξυπηρετεί τη γραμμή:<br>104 Τερψιθέα
Σύνορα,38.238403,21.750622,Εξυπηρετεί τη γραμμή:<br>104 Τερψιθέα
Πλατεία Μαρούδα,38.238677,21.744055,Εξυπηρετεί τις γραμμές:<br>104 Τερψιθέα<br>701 Κέντρο<br>804 Κέντρο
Αγ. Ανδρέου & Φιλοποίμενος,38.246153,21.731539,Εξυπηρετεί τις γραμμές:<br>104 Τερψιθέα<br>503 Κέντρο<br>118 Λιμάνι - Port
Γεροκωστοπούλου,38.247567,21.733278,Εξυπηρετεί τις γραμμές:<br>104 Τερψιθέα<br>503 Κέντρο<br>118 Λιμάνι - Port
Αγ. Ανδρέου & Κολοκοτρώνη,38.249483,21.735773,Εξυπηρετεί τις γραμμές:<br>104 Τερψιθέα<br>503 Κέντρο<br>111 Parking Τερψιθέα<br>118 Λιμάνι - Port
Υπεραστικό ΚΤΕΛ Αχαΐας,38.251223,21.73768,Εξυπηρετεί τις γραμμές:<br>104 Τερψιθέα<br>503 Κέντρο<br>609 Κέντρο<br>804 Κέντρο<br>901 Πανεπιστήμιο - Νοσοκομείο μέσω Έλλ. Στρατιώτου<br>111 Parking Τερψιθέα<br>118 Λιμάνι - Port
Αγ. Διονύσιος,38.254032,21.738559,Εξυπηρετεί τις γραμμές:<br>104 Τερψιθέα<br>901 Πανεπιστήμιο - Νοσοκομείο μέσω Έλλ. Στρατιώτου
Πεύκο,38.264262,21.745219,Εξυπηρετεί τις γραμμές:<br>104 Τερψιθέα<br>901 Πανεπιστήμιο - Νοσοκομείο μέσω Έλλ. Στρατιώτου
Νοταρά,38.268457,21.748908,Εξυπηρετεί τις γραμμές:<br>104 Τερψιθέα<br>901 Πανεπιστήμιο - Νοσοκομείο μέσω Έλλ. Στρατιώτου
Τέρμα Αρέθα,38.264778,21.761347,Εξυπηρετεί τις γραμμές:<br>201 ΤΕΙ - Ταραμπούρα<br>202 Ν. Δρόμος - Συχαινά
Αμπελόκηποι,38.265297,21.760502,Εξυπηρετεί τη γραμμή:<br>201 ΤΕΙ - Ταραμπούρα
Πλατεία Αμπελοκήπων,38.265822,21.758834,Εξυπηρετεί τη γραμμή:<br>201 ΤΕΙ - Ταραμπούρα
Πανεπιστημίου & Αρέθα,38.266064,21.756659,Εξυπηρετεί τις γραμμές:<br>201 ΤΕΙ - Ταραμπούρα<br>609 Κέντρο
Γεωργική Σχολή,38.264645,21.754793,Εξυπηρετεί τις γραμμές:<br>201 ΤΕΙ - Ταραμπούρα<br>609 Κέντρο
Ανθούπολη,38.261324,21.753358,Εξυπηρετεί τις γραμμές:<br>201 ΤΕΙ - Ταραμπούρα<br>609 Κέντρο
Α' Νεκροταφείο,38.260067,21.751479,Εξυπηρετεί τη γραμμή:<br>201 ΤΕΙ - Ταραμπούρα
Φίλιππα,38.258227,21.749348,Εξυπηρετεί τη γραμμή:<br>201 ΤΕΙ - Ταραμπούρα
Κωνσταντινουπόλεως,38.255729,21.7429,Εξυπηρετεί τις γραμμές:<br>201 ΤΕΙ - Ταραμπούρα<br>301 Ζαρουχλέικα<br>302 Λεύκα<br>609 Κέντρο<br>610 Express Κέντρο
Φαβιέρου,38.254023,21.742224,Εξυπηρετεί τις γραμμές:<br>201 ΤΕΙ - Ταραμπούρα<br>301 Ζαρουχλέικα<br>302 Λεύκα<br>609 Κέντρο<br>610 Express Κέντρο
Δικαστήρια,38.244018,21.731619,Εξυπηρετεί τις γραμμές:<br>201 ΤΕΙ - Ταραμπούρα<br>301 Ζαρουχλέικα<br>302 Λεύκα<br>501 Τσουκαλέικα - Μονοδένδρι<br>502 Μιντιλόγλι<br>610 Express Κέντρο
Τριών Ναυάρχων,38.242764,21.729931,Εξυπηρετεί τις γραμμές:<br>201 ΤΕΙ - Ταραμπούρα<br>301 Ζαρουχλέικα<br>302 Λεύκα<br>501 Τσουκαλέικα - Μονοδένδρι<br>502 Μιντιλόγλι<br>610 Express Κέντρο
Παπαφλέσσα,38.240877,21.72848,Εξυπηρετεί τη γραμμή:<br>201 ΤΕΙ - Ταραμπούρα
Ναυαρίνου,38.239644,21.729813,Εξυπηρετεί τη γραμμή:<br>201 ΤΕΙ - Ταραμπούρα
Ιεροθέου,38.23719,21.729319,Εξυπηρετεί τη γραμμή:<br>201 ΤΕΙ - Ταραμπούρα
Σκαγιοπούλειο,38.23616,21.730671,Εξυπηρετεί τη γραμμή:<br>201 ΤΕΙ - Ταραμπούρα
Απόστολος Παύλος,38.236991,21.734253,Εξυπηρετεί τη γραμμή:<br>201 ΤΕΙ - Ταραμπούρα
Πέντε Δρόμοι,38.237145,21.736082,Εξυπηρετεί τη γραμμή:<br>201 ΤΕΙ - Ταραμπούρα
Σμύρνης 1,38.237057,21.737756,Εξυπηρετεί τη γραμμή:<br>201 ΤΕΙ - Ταραμπούρα
Σμύρνης 2,38.237162,21.739783,Εξυπηρετεί τη γραμμή:<br>201 ΤΕΙ - Ταραμπούρα
Ιωνίας,38.235999,21.740006,Εξυπηρετεί τη γραμμή:<br>201 ΤΕΙ - Ταραμπούρα
Πλατεία Ελευθερίας,38.23529,21.741211,Εξυπηρετεί τη γραμμή:<br>201 ΤΕΙ - Ταραμπούρα
Πριγκηποννήσων,38.235326,21.74352,Εξυπηρετεί τη γραμμή:<br>201 ΤΕΙ - Ταραμπούρα
Νοσοκομείο Αγ. Ανδρέας,38.234976,21.746563,Εξυπηρετεί τις γραμμές:<br>201 ΤΕΙ - Ταραμπούρα<br>801 Άνω Κάτω Οβρυά - Δεμένικα - Πρ. Ηλίας803 Καλλιθέα - Θέα - Δεμένικα
Κολωνάκι,38.232381,21.744201,Εξυπηρετεί τις γραμμές:<br>201 ΤΕΙ - Ταραμπούρα<br>801 Άνω Κάτω Οβρυά - Δεμένικα - Πρ. Ηλίας<br>803 Καλλιθέα - Θέα - Δεμένικα
Άγιος Νεκτάριος,38.230161,21.742053,Εξυπηρετεί τις γραμμές:<br>201 ΤΕΙ - Ταραμπούρα<br>801 Άνω Κάτω Οβρυά - Δεμένικα - Πρ. Ηλίας<br>803 Καλλιθέα - Θέα - Δεμένικα
Πλατεία Παπανδρέου,38.228553,21.740931,Εξυπηρετεί τις γραμμές:<br>201 ΤΕΙ - Ταραμπούρα<br>801 Άνω Κάτω Οβρυά - Δεμένικα - Πρ. Ηλίας<br>803 Καλλιθέα - Θέα - Δεμένικα
Ευγενίας,38.226991,21.742099,Εξυπηρετεί τις γραμμές:<br>201 ΤΕΙ - Ταραμπούρα<br>801 Άνω Κάτω Οβρυά - Δεμένικα - Πρ. Ηλίας<br>803 Καλλιθέα - Θέα - Δεμένικα
Ψαροφάι,38.225396,21.742435,Εξυπηρετεί τις γραμμές:<br>201 ΤΕΙ - Ταραμπούρα<br>801 Άνω Κάτω Οβρυά - Δεμένικα - Πρ. Ηλίας<br>803 Καλλιθέα - Θέα - Δεμένικα
Ανάληψη,38.223709,21.74258,Εξυπηρετεί τις γραμμές:<br>201 ΤΕΙ - Ταραμπούρα<br>801 Άνω Κάτω Οβρυά - Δεμένικα - Πρ. Ηλίας<br>803 Καλλιθέα - Θέα - Δεμένικα
Μιμόζα,38.220362,21.741637,Εξυπηρετεί τις γραμμές:<br>201 ΤΕΙ - Ταραμπούρα<br>801 Άνω Κάτω Οβρυά - Δεμένικα - Πρ. Ηλίας<br>803 Καλλιθέα - Θέα - Δεμένικα
Άγιος Αιμιλιανός,38.219367,21.742989,Εξυπηρετεί τη γραμμή:<br>201 ΤΕΙ - Ταραμπούρα
Ταραμπούρα - ΤΕΙ,38.219171,21.745413,Εξυπηρετεί τις γραμμές:<br>201 ΤΕΙ - Ταραμπούρα<br>202 Ν. Δρόμος - Συχαινά
Μεγ. Αλεξάνδρου,38.2206,21.744687,Εξυπηρετεί τη γραμμή:<br>202 Ν. Δρόμος - Συχαινά
Σκύρου,38.219233,21.743659,Εξυπηρετεί τη γραμμή:<br>202 Ν. Δρόμος - Συχαινά
Φωκαίας,38.236426,21.74478,Εξυπηρετεί τη γραμμή:<br>202 Ν. Δρόμος - Συχαινά
ΚΑΠΗ,38.23777,21.739783,Εξυπηρετεί τη γραμμή:<br>202 Ν. Δρόμος - Συχαινά
Βουλγάρεως,38.23806,21.738578,Εξυπηρετεί τη γραμμή:<br>202 Ν. Δρόμος - Συχαινά
Λόντου,38.237793,21.737465,Εξυπηρετεί τη γραμμή:<br>202 Ν. Δρόμος - Συχαινά
Σολωμού,38.23631,21.730209,Εξυπηρετεί τη γραμμή:<br>202 Ν. Δρόμος - Συχαινά
Αγία Βαρβάρα,38.238605,21.730643,Εξυπηρετεί τη γραμμή:<br>202 Ν. Δρόμος - Συχαινά
Παπαφλέσσα & Κορίνθου,38.241386,21.729435,Εξυπηρετεί τις γραμμές:<br>202 Ν. Δρόμος - Συχαινά<br>303 Θερμοπυλών<br>602 Express Πανεπιστήμιο - Νοσοκομείο
Κορίνθου & Μιαούλη,38.243265,21.731886,Εξυπηρετεί τις γραμμές:<br>202 Ν. Δρόμος - Συχαινά<br>303 Θερμοπυλών<br>602 Express Πανεπιστήμιο - Νοσοκομείο
Ζαΐμη,38.248998,21.739233,Εξυπηρετεί τις γραμμές:<br>202 Ν. Δρόμος - Συχαινά<br>303 Θερμοπυλών<br>601 Πανεπιστήμιο - Νοσοκομείο<br>602 Express Πανεπιστήμιο - Νοσοκομείο<br>603 Πανεπιστήμιο - Άγ. Βασίλειος - Δημορηγόπουλο - Ρίο<br>604 Πανεπιστήμιο - Νοσοκομείο - Ρίο<br>606 Προάστιο - Καστελλόκαμπος - Porto Rio<br>607 Βούντενη - Μπάλας<br>608 Άνω Καστρίτσι
Πλατεία Πυροσβεστείου,38.251501,21.742469,Εξυπηρετεί τις γραμμές:<br>202 Ν. Δρόμος - Συχαινά<br>303 Θερμοπυλών<br>601 Πανεπιστήμιο - Νοσοκομείο<br>602 Express Πανεπιστήμιο - Νοσοκομείο<br>603 Πανεπιστήμιο - Άγ. Βασίλειος - Δημορηγόπουλο - Ρίο<br>604 Πανεπιστήμιο - Νοσοκομείο - Ρίο<br>606 Προάστιο - Καστελλόκαμπος - Porto Rio<br>607 Βούντενη - Μπάλας<br>608 Άνω Καστρίτσι
Μαράτου,38.255243,21.745956,Εξυπηρετεί τις γραμμές:<br>202 Ν. Δρόμος - Συχαινά<br>303 Θερμοπυλών<br>601 Πανεπιστήμιο - Νοσοκομείο<br>602 Express Πανεπιστήμιο - Νοσοκομείο<br>603 Πανεπιστήμιο - Άγ. Βασίλειος - Δημορηγόπουλο - Ρίο<br>604 Πανεπιστήμιο - Νοσοκομείο - Ρίο<br>606 Προάστιο - Καστελλόκαμπος - Porto Rio<br>607 Βούντενη - Μπάλας<br>608 Άνω Καστρίτσι
Κουρτέση,38.257032,21.74804,Εξυπηρετεί τις γραμμές:<br>202 Ν. Δρόμος - Συχαινά<br>303 Θερμοπυλών<br>601 Πανεπιστήμιο - Νοσοκομείο<br>602 Express Πανεπιστήμιο - Νοσοκομείο<br>603 Πανεπιστήμιο - Άγ. Βασίλειος - Δημορηγόπουλο - Ρίο<br>604 Πανεπιστήμιο - Νοσοκομείο - Ρίο<br>606 Προάστιο - Καστελλόκαμπος - Porto Rio<br>607 Βούντενη - Μπάλας<br>608 Άνω Καστρίτσι
Μειλίχου 1,38.265875,21.756742,Εξυπηρετεί τις γραμμές:<br>202 Ν. Δρόμος - Συχαινά<br>607 Βούντενη - Μπάλας
Μειλίχου 2,38.264841,21.758909,Εξυπηρετεί τις γραμμές:<br>202 Ν. Δρόμος - Συχαινά<br>607 Βούντενη - Μπάλας
Ολύμπιον,38.264328,21.760212,Εξυπηρετεί τις γραμμές:<br>202 Ν. Δρόμος - Συχαινά<br>607 Βούντενη - Μπάλας
Τέρμα Θερμοπυλών,38.264537,21.750184,Εξυπηρετεί τις γραμμές:<br>301 Ζαρουχλέικα<br>302 Λεύκα
Θερμοπυλών,38.263217,21.749661,Εξυπηρετεί τις γραμμές:<br>301 Ζαρουχλέικα<br>302 Λεύκα
Ευπαλίνου,38.261155,21.748628,Εξυπηρετεί τις γραμμές:<br>301 Ζαρουχλέικα<br>302 Λεύκα
Εργατικές Κατοικίες,38.259856,21.74774,Εξυπηρετεί τις γραμμές:<br>301 Ζαρουχλέικα<br>302 Λεύκα
Πέντε Πηγαδίων,38.258266,21.745932,Εξυπηρετεί τις γραμμές:<br>301 Ζαρουχλέικα<br>302 Λεύκα
Ζακύνθου & Αγ. Σοφίας,38.256434,21.745052,Εξυπηρετεί τις γραμμές:<br>301 Ζαρουχλέικα<br>302 Λεύκα
Μαιζώνος & Παπαφλέσσα,38.240656,21.727799,Εξυπηρετεί τις γραμμές:<br>301 Ζαρουχλέικα<br>302 Λεύκα<br>610 Express Κέντρο
Σμύρνης,38.238464,21.727401,Εξυπηρετεί τις γραμμές:<br>301 Ζαρουχλέικα<br>302 Λεύκα<br>610 Express Κέντρο
Γ' ΔΟΥ,38.236579,21.727076,Εξυπηρετεί τις γραμμές:<br>301 Ζαρουχλέικα<br>302 Λεύκα
Μαιζώνος & Μαξίμου,38.234145,21.726781,Εξυπηρετεί τις γραμμές:<br>301 Ζαρουχλέικα<br>302 Λεύκα
Κορίνθου,38.233362,21.727826,Εξυπηρετεί τις γραμμές:<br>301 Ζαρουχλέικα<br>302 Λεύκα
Μεσολογγίου,38.233932,21.733344,Εξυπηρετεί τις γραμμές:<br>301 Ζαρουχλέικα<br>302 Λεύκα
Βύρωνος,38.235104,21.735824,Εξυπηρετεί τις γραμμές:<br>301 Ζαρουχλέικα<br>302 Λεύκα
13ο Δημοτικό Σχολείο Πατρών,38.234805,21.73735,Εξυπηρετεί τις γραμμές:<br>301 Ζαρουχλέικα<br>302 Λεύκα
Ελλησπόντου,38.233162,21.736709,Εξυπηρετεί τις γραμμές:<br>301 Ζαρουχλέικα<br>302 Λεύκα
Άγ. Ιωάννης Πράτσικα,38.231856,21.735934,Εξυπηρετεί τις γραμμές:<br>301 Ζαρουχλέικα<br>302 Λεύκα
Θεοδοσίου,38.230728,21.735185,Εξυπηρετεί τις γραμμές:<br>301 Ζαρουχλέικα<br>302 Λεύκα
Ανδρονίκου,38.228295,21.733795,Εξυπηρετεί τις γραμμές:<br>301 Ζαρουχλέικα<br>302 Λεύκα
Αιδηψού,38.227098,21.733252,Εξυπηρετεί τις γραμμές:<br>301 Ζαρουχλέικα<br>302 Λεύκα
Κομνηνών,38.226074,21.731744,Εξυπηρετεί τις γραμμές:<br>301 Ζαρουχλέικα<br>302 Λεύκα
Καρπενησιώτου,38.223996,21.731098,Εξυπηρετεί τις γραμμές:<br>301 Ζαρουχλέικα<br>302 Λεύκα
Άγ. Χαράλαμπος,38.222362,21.730616,Εξυπηρετεί τις γραμμές:<br>301 Ζαρουχλέικα<br>302 Λεύκα
Θουκυδίδου,38.222326,21.732743,Εξυπηρετεί τις γραμμές:<br>301 Ζαρουχλέικα<br>302 Λεύκα
24ο Δημοτικο Σχολείο Πατρών,38.221294,21.735108,Εξυπηρετεί τις γραμμές:<br>301 Ζαρουχλέικα<br>302 Λεύκα
Ανθείας,38.220789,21.73717,Εξυπηρετεί τις γραμμές:<br>301 Ζαρουχλέικα<br>302 Λεύκα
Αφετηρία Ζαρουχλέικα,38.218488,21.736867,Εξυπηρετεί τις γραμμές:<br>301 Ζαρουχλέικα<br>302 Λεύκα
Βασιλόπουλος,38.21633,21.735387,Εξυπηρετεί τη γραμμή:<br>302 Λεύκα
Νεάπολη,38.215118,21.734036,Εξυπηρετεί τη γραμμή:<br>302 Λεύκα
Συνεταιρισμός Ταξί,38.212336,21.730797,Εξυπηρετεί τη γραμμή:<br>302 Λεύκα
Κουνινιώτη,38.209652,21.728851,Εξυπηρετεί τη γραμμή:<br>302 Λεύκα
Άγιος Σπυρίδωνας,38.208064,21.727422,Εξυπηρετεί τη γραμμή:<br>302 Λεύκα
22ο Δημοτικό Σχολείο Πατρών,38.205545,21.725439,Εξυπηρετεί τη γραμμή:<br>302 Λεύκα
Παπαθωμά,38.222837,21.730227,Εξυπηρετεί τη γραμμή:<br>303 Θερμοπυλών
Ιουλιανού,38.230132,21.73492,Εξυπηρετεί τη γραμμή:<br>303 Θερμοπυλών
Αγίας Τριάδας,38.235707,21.736964,Εξυπηρετεί τη γραμμή:<br>303 Θερμοπυλών
Parking Τροχαίας,38.261248,21.750992,Εξυπηρετεί τις γραμμές:<br>303 Θερμοπυλών<br>609 Κέντρο
Θεοδότου,38.262806,21.747475,Εξυπηρετεί τη γραμμή:<br>303 Θερμοπυλών
Τυρταίου,38.264513,21.748682,Εξυπηρετεί τη γραμμή:<br>303 Θερμοπυλών
Μ. Κύκκου,38.206819,21.723181,Εξυπηρετεί τη γραμμή:<br>303 Θερμοπυλών
Βυρσοδεψείο,38.207856,21.720817,Εξυπηρετεί τη γραμμή:<br>303 Θερμοπυλών
Pirelli,38.209454,21.717393,Εξυπηρετεί τη γραμμή:<br>303 Θερμοπυλών
Άγιος Γεώργιος,38.212011,21.718765,Εξυπηρετεί τη γραμμή:<br>303 Θερμοπυλών
Κέκροπος,38.210178,21.722002,Εξυπηρετεί τη γραμμή:<br>303 Θερμοπυλών
Εντελβάις,38.209045,21.725374,Εξυπηρετεί τη γραμμή:<br>303 Θερμοπυλών
Κολοκοτρώνη,38.247446,21.738748,Εξυπηρετεί τη γραμμή:<br>401 Αρόη
Α' ΔΟΥ Πατρών,38.247228,21.738266,Εξυπηρετεί τη γραμμή:<br>401 Αρόη
Αρχαίο Ωδείο,38.242891,21.73816,Εξυπηρετεί τη γραμμή:<br>401 Αρόη
ΙΚΑ,38.2408,21.743089,Εξυπηρετεί τη γραμμή:<br>401 Αρόη
4ο ΓΕΛ Πατρών,38.241705,21.74869,Εξυπηρετεί τη γραμμή:<br>401 Αρόη
Πλατεία Αρόης,38.2423,21.753489,Εξυπηρετεί τη γραμμή:<br>401 Αρόη
Συνταγματάρχη Ζήση,38.243482,21.757021,Εξυπηρετεί τη γραμμή:<br>401 Αρόη
Αγίου Στεφάνου,38.242983,21.758628,Εξυπηρετεί τη γραμμή:<br>401 Αρόη
Σαμακιά,38.241621,21.760357,Εξυπηρετεί τη γραμμή:<br>401 Αρόη
Διονύσου,38.240651,21.760164,Εξυπηρετεί τη γραμμή:<br>401 Αρόη
Τέρμα Αρόης,38.240104,21.761838,Εξυπηρετεί τις γραμμές:<br>401 Αρόη<br>402 Κέντρο
Ναυπάκτου,38.243764,21.752467,Εξυπηρετεί τη γραμμή:<br>402 Κέντρο
Παυλοπούλου,38.244645,21.75133,Εξυπηρετεί τη γραμμή:<br>402 Κέντρο
Άρτας,38.24341,21.749639,Εξυπηρετεί τη γραμμή:<br>402 Κέντρο
Μεσσάτιδος,38.242501,21.747796,Εξυπηρετεί τη γραμμή:<br>402 Κέντρο
Αφετηρία Όθωνος Αμαλίας & Καρόλου,38.252761,21.736821,Εξυπηρετεί τις γραμμές:<br>501 Τσουκαλέικα - Μονοδένδρι<br>502 Μιντιλόγλι<br>606 Προάστιο - Καστελλόκαμπος - Porto Rio<br>607 Βούντενη - Μπάλας<br>608 Άνω Καστρίτσι<br>801 Άνω Κάτω Οβρυά - Δεμένικα - Προφ. Ηλίας<br>803 Καλλιθέα - Θέα - Δεμένικα<br>901 Πανεπιστήμιο - Νοσοκομείο μέσω Έλληνος Στρατιώτου
ΟΣΕ,38.24973,21.735346,Εξυπηρετεί τις γραμμές:<br>501 Τσουκαλέικα - Μονοδένδρι<br>502 Μιντιλόγλι<br>606 Προάστιο - Καστελλόκαμπος - Porto Rio<br>607 Βούντενη - Μπάλας<br>608 Άνω Καστρίτσι<br>801 Άνω Κάτω Οβρυά - Δεμένικα - Προφ. Ηλίας<br>803 Καλλιθέα - Θέα - Δεμένικα<br>111 Parking Τερψιθέα<br>118 Λιμάνι - Port
Ερμού,38.247377,21.735202,Εξυπηρετεί τις γραμμές:<br>501 Τσουκαλέικα - Μονοδένδρι<br>502 Μιντιλόγλι<br>801 Άνω Κάτω Οβρυά - Δεμένικα - Προφ. Ηλίας<br>803 Καλλιθέα - Θέα - Δεμένικα
Ακτή Δυμαίων & Παπαφλέσσα,38.240889,21.726282,Εξυπηρετεί τις γραμμές:<br>501 Τσουκαλέικα - Μονοδένδρι<br>502 Μιντιλόγλι<br>118 Λιμάνι - Port
ΔΕΗ,38.238063,21.725668,Εξυπηρετεί τις γραμμές:<br>501 Τσουκαλέικα - Μονοδένδρι<br>502 Μιντιλόγλι<br>118 Λιμάνι - Port
Ακτή Δυμαίων & Β. Ηπείρου,38.233135,21.724673,Εξυπηρετεί τις γραμμές:<br>501 Τσουκαλέικα - Μονοδένδρι<br>502 Μιντιλόγλι<br>118 Λιμάνι - Port
ΔΕΥΑΠ,38.229295,21.723724,Εξυπηρετεί τις γραμμές:<br>501 Τσουκαλέικα - Μονοδένδρι<br>502 Μιντιλόγλι<br>118 Λιμάνι - Port
Πτωχοκομείο,38.226724,21.722776,Εξυπηρετεί τις γραμμές:<br>501 Τσουκαλέικα - Μονοδένδρι<br>502 Μιντιλόγλι<br>118 Λιμάνι - Port
Σφαγεία,38.221894,21.720644,Εξυπηρετεί τις γραμμές:<br>501 Τσουκαλέικα - Μονοδένδρι<br>502 Μιντιλόγλι<br>118 Λιμάνι - Port
NISSAN Σπηλιόπουλος,38.216347,21.718937,Εξυπηρετεί τις γραμμές:<br>501 Τσουκαλέικα - Μονοδένδρι<br>502 Μιντιλόγλι
Ποτάμι Γλαύκος,38.213976,21.717705,Εξυπηρετεί τις γραμμές:<br>501 Τσουκαλέικα - Μονοδένδρι<br>502 Μιντιλόγλι
Εργατικές Κατοικίες Ιτιές,38.211844,21.716586,Εξυπηρετεί τις γραμμές:<br>501 Τσουκαλέικα - Μονοδένδρι<br>502 Μιντιλόγλι
Λεύκα,38.21048,21.715131,Εξυπηρετεί τις γραμμές:<br>501 Τσουκαλέικα - Μονοδένδρι<br>502 Μιντιλόγλι
Κόκκινος Μύλος,38.207582,21.711448,Εξυπηρετεί τις γραμμές:<br>501 Τσουκαλέικα - Μονοδένδρι<br>502 Μιντιλόγλι
Μαραγκοπούλου,38.204806,21.709209,Εξυπηρετεί τις γραμμές:<br>501 Τσουκαλέικα - Μονοδένδρι<br>502 Μιντιλόγλι
Εύα,38.203391,21.706002,Εξυπηρετεί τις γραμμές:<br>501 Τσουκαλέικα - Μονοδένδρι<br>502 Μιντιλόγλι
Μπεκίρη,38.20233,21.702885,Εξυπηρετεί τις γραμμές:<br>501 Τσουκαλέικα - Μονοδένδρι<br>502 Μιντιλόγλι
ΠΙΚΠΑ,38.200373,21.700281,Εξυπηρετεί τις γραμμές:<br>501 Τσουκαλέικα - Μονοδένδρι<br>502 Μιντιλόγλι
Τζιλιάνου Σπύρου,38.198746,21.698139,Εξυπηρετεί τις γραμμές:<br>501 Τσουκαλέικα - Μονοδένδρι<br>502 Μιντιλόγλι
Ι.Ν. Παναγίας Παραλίας,38.196819,21.696556,Εξυπηρετεί τις γραμμές:<br>501 Τσουκαλέικα - Μονοδένδρι<br>502 Μιντιλόγλι
Δημαρχείο Παραλίας,38.194403,21.694494,Εξυπηρετεί τις γραμμές:<br>501 Τσουκαλέικα - Μονοδένδρι<br>502 Μιντιλόγλι
Γεφυράκι Τσαούση,38.193306,21.693078,Εξυπηρετεί τις γραμμές:<br>501 Τσουκαλέικα - Μονοδένδρι<br>502 Μιντιλόγλι
Ακταίον,38.191655,21.691451,Εξυπηρετεί τις γραμμές:<br>501 Τσουκαλέικα - Μονοδένδρι<br>502 Μιντιλόγλι
Τσαούση,38.190126,21.690453,Εξυπηρετεί τις γραμμές:<br>501 Τσουκαλέικα - Μονοδένδρι<br>502 Μιντιλόγλι
Φανάρι,38.185987,21.689154,Εξυπηρετεί τις γραμμές:<br>501 Τσουκαλέικα<br>502 Μιντιλόγλι
Κηπουργού,38.183815,21.688221,Εξυπηρετεί τις γραμμές:<br>501 Τσουκαλέικα<br>502 Μιντιλόγλι
Άγ. Κωνσταντίνος Ροϊτίκων,38.180385,21.68653,Εξυπηρετεί τη γραμμή:<br>501 Τσουκαλέικα
Εργοστάσιο Πλαστικών,38.177663,21.683647,Εξυπηρετεί τη γραμμή:<br>501 Τσουκαλέικα
Διασταύρωση Θρασ. Τσατσά,38.173743,21.680748,Εξυπηρετεί τη γραμμή:<br>501 Τσουκαλέικα
Διασταύρωση Σπηλιωτακόπουλου,38.170588,21.678335,Εξυπηρετεί τη γραμμή:<br>501 Τσουκαλέικα
Νεκροταφείο Βραχνεΐκων,38.168515,21.676456,Εξυπηρετεί τη γραμμή:<br>501 Τσουκαλέικα
Είσοδος Βραχνέικα,38.167426,21.675448,Εξυπηρετεί τη γραμμή:<br>501 Τσουκαλέικα
Οικονομοπούλου,38.165944,21.673457,Εξυπηρετεί τη γραμμή:<br>501 Τσουκαλέικα
Άγ. Βασίλειος Βραχνεΐκων,38.164009,21.67095,Εξυπηρετεί τη γραμμή:<br>501 Τσουκαλέικα
Κέντρο Βραχνέικα,38.162812,21.668524,Εξυπηρετεί τη γραμμή:<br>501 Τσουκαλέικα - Μονοδένδρι
Μπρούζος,38.161767,21.664687,Εξυπηρετεί τη γραμμή:<br>501 Τσουκαλέικα - Μονοδένδρι
Δρεσθενά,38.161361,21.6627,Εξυπηρετεί τη γραμμή:<br>501 Τσουκαλέικα - Μονοδένδρι
Παλιό Τέρμα,38.161406,21.659956,Εξυπηρετεί τη γραμμή:<br>501 Τσουκαλέικα - Μονοδένδρι
Παλιό Φυλάκιο ΟΣΕ,38.16136,21.657478,Εξυπηρετεί τη γραμμή:<br>501 Τσουκαλέικα - Μονοδένδρι
Καρτινός,38.160516,21.654961,Εξυπηρετεί τη γραμμή:<br>501 Τσουκαλέικα - Μονοδένδρι
Κάρλου,38.158615,21.650815,Εξυπηρετεί τη γραμμή:<br>501 Τσουκαλέικα - Μονοδένδρι
Άγ. Χαράλαμπος Τσουκαλέικα,38.156988,21.647286,Εξυπηρετεί τη γραμμή:<br>501 Τσουκαλέικα - Μονοδένδρι
Δημοτικό Σχολείο Τσουκαλέικα,38.156263,21.645524,Εξυπηρετεί τη γραμμή:<br>501 Τσουκαλέικα - Μονοδένδρι
Τσουκαλέικα,38.155317,21.64053,Εξυπηρετεί τη γραμμή:<br>501 Τσουκαλέικα - Μονοδένδρι
ΤΣ Τσουκαλέικα,38.154188,21.631332,Εξυπηρετεί τις γραμμές:<br>501 Τσουκαλέικα - Μονοδένδρι<br>503 Κέντρο
Παιδότοπος,38.187179,21.687522,Εξυπηρετεί τη γραμμή:<br>501 Μονοδένδρι - Τσουκαλέικα
Ροΐτικα,38.185995,21.682031,Εξυπηρετεί τη γραμμή:<br>501 Μονοδένδρι - Τσουκαλέικα
Πλατεία Ροΐτικα,38.185916,21.680248,Εξυπηρετεί τη γραμμή:<br>501 Μονοδένδρι - Τσουκαλέικα
Εξέδρα Ροΐτικα,38.183622,21.678133,Εξυπηρετεί τη γραμμή:<br>501 Μονοδένδρι - Τσουκαλέικα
Στροφή,38.181427,21.677495,Εξυπηρετεί τη γραμμή:<br>501 Μονοδένδρι - Τσουκαλέικα
Ψησταριά Τσατσά,38.178844,21.677633,Εξυπηρετεί τη γραμμή:<br>501 Μονοδένδρι - Τσουκαλέικα
Παλιό Δημοτικό,38.17677,21.677387,Εξυπηρετεί τη γραμμή:<br>501 Μονοδένδρι - Τσουκαλέικα
Οδός Τσατσά,38.175189,21.676865,Εξυπηρετεί τη γραμμή:<br>501 Μονοδένδρι - Τσουκαλέικα
Μαγαζιά Μονοδένδρι,38.173729,21.676189,Εξυπηρετεί τη γραμμή:<br>501 Μονοδένδρι - Τσουκαλέικα
Σπηλιωτακοπούλου,38.171727,21.675132,Εξυπηρετεί τη γραμμή:<br>501 Μονοδένδρι - Τσουκαλέικα
Βίλλα Γάλλου,38.169536,21.673623,Εξυπηρετεί τη γραμμή:<br>501 Μονοδένδρι - Τσουκαλέικα
Ι.Ν. Ευαγγελίστριας,38.166318,21.668429,Εξυπηρετεί τη γραμμή:<br>501 Μονοδένδρι - Τσουκαλέικα
Γραμμές ΟΣΕ,38.163856,21.669481,Εξυπηρετεί τη γραμμή:<br>501 Μονοδένδρι - Τσουκαλέικα
Ανεμόμυλος,38.155349,21.635485,Εξυπηρετεί τη γραμμή:<br>503 Κέντρο
Διασταύρωση Οδός Σκέντζου,38.16703,21.67504,Εξυπηρετεί τη γραμμή:<br>503 Κέντρο
Μουρτά,38.197325,21.696956,Εξυπηρετεί τη γραμμή:<br>503 Κέντρο
Διασταύρωση Οδός Λεύκας,38.210421,21.715134,Εξυπηρετεί τη γραμμή:<br>503 Κέντρο
ΑΒΕΞ,38.223887,21.721211,Εξυπηρετεί τη γραμμή:<br>503 Κέντρο
Ακτή Δυμαίων & Μαξίμου,38.234167,21.72506,Εξυπηρετεί τις γραμμές:<br>503 Κέντρο<br>118 Λιμάνι - Port
Γ' ΔΟΥ Πατρών,38.236763,21.725566,Εξυπηρετεί τις γραμμές:<br>503 Κέντρο<br>118 Λιμάνι - Port
Ι.Ν. Άγιος Ανδρέας,38.241344,21.726508,Εξυπηρετεί τις γραμμές:<br>503 Κέντρο<br>118 Λιμάνι - Port
Πλατεία Πίνδου,38.245237,21.730416,Εξυπηρετεί τις γραμμές:<br>503 Κέντρο<br>118 Λιμάνι - Port
Αγ. Διονύσιος - Επίκεντρο,38.253374,21.738361,Εξυπηρετεί τις γραμμές:<br>503 Κέντρο<br>609 Κέντρο<br>804 Κέντρο
FORD - Λαζανάς,38.202737,21.705996,Εξυπηρετεί τη γραμμή:<br>502 Μιντιλόγλι
Παλιουργιά,38.199619,21.708558,Εξυπηρετεί τη γραμμή:<br>502 Μιντιλόγλι
Εργατικές Κατοικίες 1,38.19347,21.712946,Εξυπηρετεί τη γραμμή:<br>502 Μιντιλόγλι
Εργατικές Κατοικίες 2,38.192746,21.713402,Εξυπηρετεί τη γραμμή:<br>502 Μιντιλόγλι
Στροφή Κάτω Οβρυά,38.188431,21.714237,Εξυπηρετεί τη γραμμή:<br>502 Μιντιλόγλι
Συνεργείο,38.188148,21.713478,Εξυπηρετεί τη γραμμή:<br>502 Μιντιλόγλι
Μάρβιν,38.187962,21.710509,Εξυπηρετεί τη γραμμή:<br>502 Μιντιλόγλι
Νεκροταφείο,38.187898,21.707939,Εξυπηρετεί τη γραμμή:<br>502 Μιντιλόγλι
Ιπποκράτους,38.187724,21.705706,Εξυπηρετεί τη γραμμή:<br>502 Μιντιλόγλι
ΤΣ Πλατεία Μιντιλογλίου,38.18396,21.701506,Εξυπηρετεί τις γραμμές:<br>502 Μιντιλόγλι<br>503 Κέντρο
Αγίου Κωνσταντίνου,38.182391,21.69008,Εξυπηρετεί τη γραμμή:<br>502 Μιντιλόγλι
Σχολείο,38.183818,21.696,Εξυπηρετεί τη γραμμή:<br>502 Μιντιλόγλι
Μιντιλόγλι,38.186266,21.701211,Εξυπηρετεί τη γραμμή:<br>502 Μιντιλόγλι
Καποδιστρίου,38.187955,21.710512,Εξυπηρετεί τις γραμμές:<br>503 Κέντρο<br>804 Κέντρο
Χατζηλιακόν,38.188137,21.713481,Εξυπηρετεί τις γραμμές:<br>503 Κέντρο<br>804 Κέντρο
Ford Λαζανάς,38.202718,21.706003,Εξυπηρετεί τη γραμμή:<br>503 Κέντρο
Αγίου Γεωργίου,38.186309,21.701425,Εξυπηρετεί τη γραμμή:<br>503 Κέντρο
Κουρδής,38.185158,21.698712,Εξυπηρετεί τη γραμμή:<br>503 Κέντρο
Καστάνη 2,38.185251,21.694346,Εξυπηρετεί τη γραμμή:<br>503 Κέντρο
Καστάνη 1,38.187844,21.691391,Εξυπηρετεί τη γραμμή:<br>503 Κέντρο
Αρέθα (προς Πανεπιστήμιο),38.266091,21.756736,Εξυπηρετεί τις γραμμές:<br>601 Πανεπιστήμιο - Νοσοκομείο<br>603 Πανεπιστήμιο - Άγ. Βασίλειος - Δημορηγόπουλο - Ρίο<br>604 Πανεπιστήμιο - Νοσοκομείο - Ρίο<br>606 Προάστιο - Καστελλόκαμπος - Porto Rio<br>608 Άνω Καστρίτσι
Αρέθα,38.266908,21.757542,Εξυπηρετεί τις γραμμές:<br>601 Πανεπιστήμιο - Νοσοκομείο<br>603 Πανεπιστήμιο - Άγ. Βασίλειος - Δημορηγόπουλο - Ρίο<br>604 Πανεπιστήμιο - Νοσοκομείο - Ρίο<br>606 Προάστιο - Καστελλόκαμπος - Porto Rio<br>608 Άνω Καστρίτσι
Intracom,38.269487,21.75826,Εξυπηρετεί τις γραμμές:<br>601 Πανεπιστήμιο - Νοσοκομείο<br>603 Πανεπιστήμιο - Άγ. Βασίλειος - Δημορηγόπουλο - Ρίο<br>604 Πανεπιστήμιο - Νοσοκομείο - Ρίο<br>606 Προάστιο - Καστελλόκαμπος - Porto Rio<br>608 Άνω Καστρίτσι
Κοτρώνι,38.270948,21.758728,Εξυπηρετεί τις γραμμές:<br>601 Πανεπιστήμιο - Νοσοκομείο<br>603 Πανεπιστήμιο - Άγ. Βασίλειος - Δημορηγόπουλο - Ρίο<br>604 Πανεπιστήμιο - Νοσοκομείο - Ρίο<br>606 Προάστιο - Καστελλόκαμπος - Porto Rio<br>608 Άνω Καστρίτσι
Μηχανική Καλλιέργεια 1,38.273072,21.76005,Εξυπηρετεί τις γραμμές:<br>601 Πανεπιστήμιο - Νοσοκομείο<br>603 Πανεπιστήμιο - Άγ. Βασίλειος - Δημορηγόπουλο - Ρίο<br>604 Πανεπιστήμιο - Νοσοκομείο - Ρίο<br>606 Προάστιο - Καστελλόκαμπος - Porto Rio<br>608 Άνω Καστρίτσι
Μηχανική Καλλιέργεια 2,38.275107,21.762553,Εξυπηρετεί τις γραμμές:<br>601 Πανεπιστήμιο - Νοσοκομείο<br>603 Πανεπιστήμιο - Άγ. Βασίλειος - Δημορηγόπουλο - Ρίο<br>604 Πανεπιστήμιο - Νοσοκομείο - Ρίο<br>606 Προάστιο - Καστελλόκαμπος - Porto Rio<br>608 Άνω Καστρίτσι
Κορυδαλλέως,38.276865,21.764608,Εξυπηρετεί τις γραμμές:<br>601 Πανεπιστήμιο - Νοσοκομείο<br>603 Πανεπιστήμιο - Άγ. Βασίλειος - Δημορηγόπουλο - Ρίο<br>604 Πανεπιστήμιο - Νοσοκομείο - Ρίο<br>606 Προάστιο - Καστελλόκαμπος - Porto Rio<br>608 Άνω Καστρίτσι
Ψησταριά,38.27789,21.765688,Εξυπηρετεί τις γραμμές:<br>601 Πανεπιστήμιο - Νοσοκομείο<br>603 Πανεπιστήμιο - Άγ. Βασίλειος - Δημορηγόπουλο - Ρίο<br>604 Πανεπιστήμιο - Νοσοκομείο - Ρίο<br>606 Προάστιο - Καστελλόκαμπος - Porto Rio<br>608 Άνω Καστρίτσι
Βησσαρίωνος,38.279123,21.767109,Εξυπηρετεί τις γραμμές:<br>601 Πανεπιστήμιο - Νοσοκομείο<br>603 Πανεπιστήμιο - Άγ. Βασίλειος - Δημορηγόπουλο - Ρίο<br>604 Πανεπιστήμιο - Νοσοκομείο - Ρίο<br>606 Προάστιο - Καστελλόκαμπος - Porto Rio<br>608 Άνω Καστρίτσι
Προάστιο,38.280428,21.768768,Εξυπηρετεί τις γραμμές:<br>601 Πανεπιστήμιο - Νοσοκομείο<br>603 Πανεπιστήμιο - Άγ. Βασίλειος - Δημορηγόπουλο - Ρίο<br>604 Πανεπιστήμιο - Νοσοκομείο - Ρίο<br>606 Προάστιο - Καστελλόκαμπος - Porto Rio<br>608 Άνω Καστρίτσι
Μανδρέκα,38.282293,21.771383,Εξυπηρετεί τις γραμμές:<br>601 Πανεπιστήμιο - Νοσοκομείο<br>603 Πανεπιστήμιο - Άγ. Βασίλειος - Δημορηγόπουλο - Ρίο<br>604 Πανεπιστήμιο - Νοσοκομείο - Ρίο<br>608 Άνω Καστρίτσι<br>901 Πανεπιστήμιο - Νοσοκομείο μέσω Έλλ. Στρατιώτου
Γήπεδο Τόφαλος,38.284483,21.772796,Εξυπηρετεί τις γραμμές:<br>601 Πανεπιστήμιο - Νοσοκομείο<br>603 Πανεπιστήμιο - Άγ. Βασίλειος - Δημορηγόπουλο - Ρίο<br>604 Πανεπιστήμιο - Νοσοκομείο - Ρίο<br>608 Άνω Καστρίτσι<br>901 Πανεπιστήμιο - Νοσοκομείο μέσω Έλληνος Στρατιώτου
Ποταμός Χάραδρος,38.286222,21.774768,Εξυπηρετεί τις γραμμές:<br>601 Πανεπιστήμιο - Νοσοκομείο<br>603 Πανεπιστήμιο - Άγ. Βασίλειος - Δημορηγόπουλο - Ρίο<br>604 Πανεπιστήμιο - Νοσοκομείο - Ρίο<br>901 Πανεπιστήμιο - Νοσοκομείο μέσω Έλληνος Στρατιώτου
Πρυτανεία Πανεπιστημίου Πατρών,38.286194,21.78604,Εξυπηρετεί τις γραμμές:<br>601 Πανεπιστήμιο - Νοσοκομείο<br>602 Express Πανεπιστήμιο - Νοσοκομείο<br>603 Πανεπιστήμιο - Άγ. Βασίλειος - Δημορηγόπουλο - Ρίο<br>604 Πανεπιστήμιο - Νοσοκομείο - Ρίο<br>901 Πανεπιστήμιο - Νοσοκομείο μέσω Έλληνος Στρατιώτου
Πολυτεχνείο,38.287956,21.786572,Εξυπηρετεί τις γραμμές:<br>601 Πανεπιστήμιο - Νοσοκομείο<br>602 Express Πανεπιστήμιο - Νοσοκομείο<br>603 Πανεπιστήμιο - Άγ. Βασίλειος - Δημορηγόπουλο - Ρίο<br>604 Πανεπιστήμιο - Νοσοκομείο - Ρίο<br>609 Κέντρο<br>610 Express Κέντρο<br>901 Πανεπιστήμιο - Νοσοκομείο μέσω Έλληνος Στρατιώτου<br>902 Κέντρο μέσω Έλληνος Στρατιώτου
Συνεδριακό Κέντρο,38.289796,21.784963,Εξυπηρετεί τις γραμμές:<br>601 Πανεπιστήμιο - Νοσοκομείο<br>602 Express Πανεπιστήμιο - Νοσοκομείο<br>603 Πανεπιστήμιο - Άγ. Βασίλειος - Δημορηγόπουλο - Ρίο<br>604 Πανεπιστήμιο - Νοσοκομείο - Ρίο<br>609 Κέντρο<br>610 Express Κέντρο<br>901 Πανεπιστήμιο - Νοσοκομείο μέσω Έλληνος Στρατιώτου<br>902 Κέντρο μέσω Έλληνος Στρατιώτου
Φυσικό,38.291717,21.787022,Εξυπηρετεί τις γραμμές:<br>601 Πανεπιστήμιο - Νοσοκομείο<br>602 Express Πανεπιστήμιο - Νοσοκομείο<br>603 Πανεπιστήμιο - Άγ. Βασίλειος - Δημορηγόπουλο - Ρίο<br>604 Πανεπιστήμιο - Νοσοκομείο - Ρίο<br>901 Πανεπιστήμιο - Νοσοκομείο μέσω Έλληνος Στρατιώτου
Γεωλογικό,38.293593,21.790318,Εξυπηρετεί τις γραμμές:<br>601 Πανεπιστήμιο - Νοσοκομείο<br>602 Express Πανεπιστήμιο - Νοσοκομείο<br>603 Πανεπιστήμιο - Άγ. Βασίλειος - Δημορηγόπουλο - Ρίο<br>604 Πανεπιστήμιο - Νοσοκομείο - Ρίο<br>901 Πανεπιστήμιο - Νοσοκομείο μέσω Έλληνος Στρατιώτου
Ιατρική,38.294478,21.791896,Εξυπηρετεί τις γραμμές:<br>601 Πανεπιστήμιο - Νοσοκομείο<br>602 Express Πανεπιστήμιο - Νοσοκομείο<br>603 Πανεπιστήμιο - Άγ. Βασίλειος - Δημορηγόπουλο - Ρίο<br>604 Πανεπιστήμιο - Νοσοκομείο - Ρίο<br>901 Πανεπιστήμιο - Νοσοκομείο μέσω Έλληνος Στρατιώτου
Στάση,38.312369,21.808466,Εξυπηρετεί τη γραμμή:<br>603 Πανεπιστήμιο - Άγ. Βασίλειος - Ρίο
Πλάτωνος,38.307989,21.80924,Εξυπηρετεί τη γραμμή:<br>603 Πανεπιστήμιο - Άγ. Βασίλειος - Ρίο
Καραϊσκάκη,38.306039,21.804782,Εξυπηρετεί τη γραμμή:<br>603 Πανεπιστήμιο - Άγ. Βασίλειος - Ρίο
Χανίων,38.30484,21.801976,Εξυπηρετεί τη γραμμή:<br>603 Πανεπιστήμιο - Άγ. Βασίλειος - Ρίο
Βερναδέικα,38.301513,21.79741,Εξυπηρετεί τη γραμμή:<br>603 Πανεπιστήμιο - Άγ. Βασίλειος - Δημορηγόπουλο - Ρίο
Παπανδρέου,38.309281,21.811589,Εξυπηρετεί τη γραμμή:<br>603 Πανεπιστήμιο - Άγ. Βασίλειος - Δημορηγόπουλο - Ρίο
Τσαπαλέικα,38.310232,21.813432,Εξυπηρετεί τη γραμμή:<br>603 Πανεπιστήμιο - Άγ. Βασίλειος - Δημορηγόπουλο - Ρίο
25ης Μαρτίου,38.311045,21.815075,Εξυπηρετεί τη γραμμή:<br>603 Πανεπιστήμιο - Άγ. Βασίλειος - Δημορηγόπουλο - Ρίο
Άγιος Βασίλειος,38.313396,21.816814,Εξυπηρετεί τη γραμμή:<br>603 Πανεπιστήμιο - Άγ. Βασίλειος - Δημορηγόπουλο - Ρίο
Γραμμές ΟΣΕ Άγ. Βασίλειος,38.314571,21.816398,Εξυπηρετεί τη γραμμή:<br>603 Πανεπιστήμιο - Άγ. Βασίλειος - Δημορηγόπουλο - Ρίο
Ρέζου,38.316372,21.815715,Εξυπηρετεί τη γραμμή:<br>603 Πανεπιστήμιο - Άγ. Βασίλειος - Δημορηγόπουλο - Ρίο
Εθνικής Αντιστάσεως,38.316088,21.812364,Εξυπηρετεί τη γραμμή:<br>603 Πανεπιστήμιο - Άγ. Βασίλειος - Δημορηγόπουλο - Ρίο
Αμερικής,38.315688,21.811203,Εξυπηρετεί τη γραμμή:<br>603 Πανεπιστήμιο - Άγ. Βασίλειος - Δημορηγόπουλο - Ρίο
Ελευθερίου Βενιζέλου,38.31461,21.806969,Εξυπηρετεί τη γραμμή:<br>603 Πανεπιστήμιο - Άγ. Βασίλειος - Δημορηγόπουλο - Ρίο
Ελευθερίας,38.315153,21.806139,Εξυπηρετεί τη γραμμή:<br>603 Πανεπιστήμιο - Άγ. Βασίλειος - Δημορηγόπουλο - Ρίο
Ηπείρου,38.313731,21.802578,Εξυπηρετεί τη γραμμή:<br>603 Πανεπιστήμιο - Άγ. Βασίλειος - Δημορηγόπουλο - Ρίο
Οδυσσέα Ανδρούτσου,38.312389,21.8002,Εξυπηρετεί τη γραμμή:<br>603 Πανεπιστήμιο - Άγ. Βασίλειος - Δημορηγόπουλο - Ρίο
Δημορηγόπουλου,38.311032,21.797035,Εξυπηρετεί τη γραμμή:<br>603 Πανεπιστήμιο - Άγ. Βασίλειος - Δημορηγόπουλο - Ρίο
Ηρώων Πολυτεχνείου,38.310931,21.794246,Εξυπηρετεί τη γραμμή:<br>603 Πανεπιστήμιο - Άγ. Βασίλειος - Δημορηγόπουλο - Ρίο
Ποσειδώνος,38.308979,21.789014,Εξυπηρετεί τη γραμμή:<br>603 Πανεπιστήμιο - Άγ. Βασίλειος - Δημορηγόπουλο - Ρίο
Πλάστιγγα,38.308842,21.786757,Εξυπηρετεί τη γραμμή:<br>603 Πανεπιστήμιο - Άγ. Βασίλειος - Δημορηγόπουλο - Ρίο
Αθηνών,38.293901,21.785758,Εξυπηρετεί τη γραμμή:<br>603 Πανεπιστήμιο - Άγ. Βασίλειος - Δημορηγόπουλο - Ρίο
Αγ. Βαρβάρα,38.301091,21.796217,Εξυπηρετεί τις γραμμές:<br>603 Πανεπιστήμιο - Άγ. Βασίλειος - Ρίο<br>604 Πανεπιστήμιο - Νοσοκομείο - Ρίο
Πεσόντων,38.302572,21.79281,Εξυπηρετεί τις γραμμές:<br>603 Πανεπιστήμιο - Άγ. Βασίλειος - Ρίο<br>604 Πανεπιστήμιο - Νοσοκομείο - Ρίο
Ανατολική Προβλήτα,38.309944,21.784354,Εξυπηρετεί τις γραμμές:<br>603 Πανεπιστήμιο - Άγ. Βασίλειος - Δημορηγόπουλο - Ρίο<br>604 Πανεπιστήμιο - Νοσοκομείο - Ρίο
Δυτική Προβλήτα,38.308964,21.780327,Εξυπηρετεί τις γραμμές:<br>603 Πανεπιστήμιο - Άγ. Βασίλειος - Δημορηγόπουλο - Ρίο<br>604 Πανεπιστήμιο - Νοσοκομείο - Ρίο
Σώμερσετ,38.3078,21.781143,Εξυπηρετεί τις γραμμές:<br>603 Πανεπιστήμιο - Άγ. Βασίλειος - Δημορηγόπουλο - Ρίο<br>604 Πανεπιστήμιο - Νοσοκομείο - Ρίο
Κοραή,38.303085,21.782,Εξυπηρετεί τις γραμμές:<br>603 Πανεπιστήμιο - Άγ. Βασίλειος - Δημορηγόπουλο - Ρίο<br>604 Πανεπιστήμιο - Νοσοκομείο - Ρίο
Σταθμός ΟΣΕ Ρίο,38.301051,21.782033,Εξυπηρετεί τις γραμμές:<br>603 Πανεπιστήμιο - Άγ. Βασίλειος - Δημορηγόπουλο - Ρίο<br>604 Πανεπιστήμιο - Νοσοκομείο - Ρίο
Σχολεία Ρίο,38.299118,21.785652,Εξυπηρετεί τις γραμμές:<br>603 Πανεπιστήμιο - Άγ. Βασίλειος - Δημορηγόπουλο - Ρίο<br>604 Πανεπιστήμιο - Νοσοκομείο - Ρίο
Σταυροπούλου,38.296163,21.788516,Εξυπηρετεί τις γραμμές:<br>603 Πανεπιστήμιο - Άγ. Βασίλειος - Δημορηγόπουλο - Ρίο<br>604 Πανεπιστήμιο - Νοσοκομείο - Ρίο
Άγ. Γεώργιος,38.294614,21.788256,Εξυπηρετεί τις γραμμές:<br>603 Πανεπιστήμιο - Άγ. Βασίλειος - Δημορηγόπουλο - Ρίο<br>604 Πανεπιστήμιο - Νοσοκομείο - Ρίο
Δημαρχείο Ρίο,38.295666,21.791035,Εξυπηρετεί τις γραμμές:<br>603 Πανεπιστήμιο - Άγ. Βασίλειος - Δημορηγόπουλο - Ρίο<br>604 Πανεπιστήμιο - Νοσοκομείο - Ρίο
Αφετηρία Express,38.2368128,21.7280215,Εξυπηρετεί τη γραμμή:<br>602 Express Πανεπιστήμιο - Νοσοκομείο
Νέο Αρχαιολογικό Μουσείο,38.263694,21.751805,Εξυπηρετεί τη γραμμή:<br>602 Express Πανεπιστήμιο - Νοσοκομείο
Αρέθα (Miele),38.268179,21.755162,Εξυπηρετεί τη γραμμή:<br>602 Express Πανεπιστήμιο - Νοσοκομείο
Όθ. Αμαλίας & Καρόλου,38.252591,21.736744,Εξυπηρετεί τις γραμμές:<br>501 Τσουκαλέικα - Μονοδένδρι<br>502 Μιντιλόγλι<br>606 Προάστιο - Καστελλόκαμπος - Porto Rio<br>607 Βούντενη - Μπάλας<br>608 Άνω Καστρίτσι<br>801 Άνω Κάτω Οβρυά - Δεμένικα - Προφ. Ηλίας<br>803 Καλλιθέα - Θέα - Δεμένικα<br>901 Πανεπιστήμιο - Νοσοκομείο μέσω Έλληνος Στρατιώτου
Βόλου,38.259424,21.766369,Εξυπηρετεί τη γραμμή:<br>607 Βούντενη - Μπάλας
Κοζάνης,38.257742,21.76978,Εξυπηρετεί τη γραμμή:<br>607 Βούντενη - Μπάλας
Άνω Συχαινά 1,38.259557,21.769783,Εξυπηρετεί τη γραμμή:<br>607 Βούντενη - Μπάλας
Άνω Συχαινά 2,38.259516,21.77124,Εξυπηρετεί τη γραμμή:<br>607 Βούντενη - Μπάλας
Αερογέφυρα Περιμετρική,38.259197,21.775527,Εξυπηρετεί τη γραμμή:<br>607 Βούντενη - Μπάλας
Άγ. Δημήτριος,38.257809,21.780159,Εξυπηρετεί τη γραμμή:<br>607 Βούντενη - Μπάλας
Σκιόεσσα,38.257476,21.783055,Εξυπηρετεί τη γραμμή:<br>607 Βούντενη - Μπάλας
Βούντενη,38.257238,21.786834,Εξυπηρετεί τη γραμμή:<br>607 Βούντενη - Μπάλας
Μάρκου Μπότσαρη,38.257858,21.787822,Εξυπηρετεί τη γραμμή:<br>607 Βούντενη - Μπάλας
Βούντενη 2,38.257483,21.789509,Εξυπηρετεί τη γραμμή:<br>607 Βούντενη - Μπάλας
Βούντενη 3,38.256862,21.792717,Εξυπηρετεί τη γραμμή:<br>607 Βούντενη - Μπάλας
Μπάλα 1,38.254907,21.797024,Εξυπηρετεί τη γραμμή:<br>607 Βούντενη - Μπάλας
Μπάλα 2,38.255072,21.798514,Εξυπηρετεί τη γραμμή:<br>607 Βούντενη - Μπάλας
Τέρμα Μπάλα,38.254567,21.798912,Εξυπηρετεί τις γραμμές:<br>607 Βούντενη - Μπάλας<br>609 Κέντρο
Στροφή Καστελλοκάμπου 2,38.287849,21.775718,Εξυπηρετεί τη γραμμή:<br>608 Άνω Καστρίτσι
Μηχανικών Η/Υ,38.285643,21.788385,Εξυπηρετεί τη γραμμή:<br>608 Άνω Καστρίτσι
Γήπεδο Πανεπιστημίου,38.281806,21.78969,Εξυπηρετεί τη γραμμή:<br>608 Άνω Καστρίτσι
ΠΛΠΠ,38.279576,21.788321,Εξυπηρετεί τη γραμμή:<br>608 Άνω Καστρίτσι
Μαγούλα,38.276931,21.792588,Εξυπηρετεί τη γραμμή:<br>608 Άνω Καστρίτσι
Μαγούλα 1,38.274428,21.797063,Εξυπηρετεί τη γραμμή:<br>608 Άνω Καστρίτσι
Μαγούλα 3,38.27333,21.801674,Εξυπηρετεί τη γραμμή:<br>608 Άνω Καστρίτσι
Καστρίτσι 2,38.273434,21.809873,Εξυπηρετεί τη γραμμή:<br>608 Άνω Καστρίτσι
Καστρίτσι 4,38.272731,21.817991,Εξυπηρετεί τη γραμμή:<br>608 Άνω Καστρίτσι
Καστρίτσι 6,38.275063,21.824386,Εξυπηρετεί τη γραμμή:<br>608 Άνω Καστρίτσι
Καστρίτσι 8,38.27303,21.827388,Εξυπηρετεί τη γραμμή:<br>608 Άνω Καστρίτσι
Καστρίτσι 10,38.271739,21.830058,Εξυπηρετεί τη γραμμή:<br>608 Άνω Καστρίτσι
Καστρίτσι 12,38.272194,21.833507,Εξυπηρετεί τη γραμμή:<br>608 Άνω Καστρίτσι
ΤΣ Καστρίτσι,38.271468,21.835028,Εξυπηρετεί τις γραμμές:<br>608 Άνω Καστρίτσι<br>609 Κέντρο
Καστρίτσι 11,38.272287,21.831946,Εξυπηρετεί τη γραμμή:<br>609 Κέντρο
Καστρίτσι 9,38.271928,21.828073,Εξυπηρετεί τη γραμμή:<br>609 Κέντρο
Καστρίτσι 7,38.273956,21.824561,Εξυπηρετεί τη γραμμή:<br>609 Κέντρο
Καστρίτσι 5,38.273758,21.819462,Εξυπηρετεί τη γραμμή:<br>609 Κέντρο
Καστρίτσι 3,38.273704,21.811902,Εξυπηρετεί τη γραμμή:<br>609 Κέντρο
Καστρίτσι 1,38.274512,21.805109,Εξυπηρετεί τη γραμμή:<br>609 Κέντρο
Μαγούλα 2,38.273111,21.799678,Εξυπηρετεί τη γραμμή:<br>609 Κέντρο
Γεωργίου Παπανδρέου,38.277426,21.79363,Εξυπηρετεί τη γραμμή:<br>609 Κέντρο
Ηλία Πολίτη,38.277841,21.791022,Εξυπηρετεί τη γραμμή:<br>609 Κέντρο
ΟΑΕΔ,38.289716,21.781978,Εξυπηρετεί τις γραμμές:<br>609 Κέντρο<br>610 Express Κέντρο<br>902 Κέντρο μέσω Έλληνος Στρατιώτου
ΟΑΕΔ (Μπελαβγένη),38.29069,21.780135,Εξυπηρετεί τις γραμμές:<br>609 Κέντρο<br>610 Express Κέντρο<br>902 Κέντρο μέσω Έλληνος Στρατιώτου
Στροφή Καστελλόκαμπου,38.288006,21.775716,Εξυπηρετεί τις γραμμές:<br>609 Κέντρο<br>610 Express Κέντρο<br>902 Κέντρο μέσω Έλληνος Στρατιώτου
Πλάτανος,38.279252,21.767306,Εξυπηρετεί τη γραμμή:<br>609 Κέντρο
Μηχανική Καλλιέργεια 5,38.275136,21.762499,Εξυπηρετεί τη γραμμή:<br>609 Κέντρο
Οικονομική Περιφέρεια Αθηνών Πατρών,38.261537,21.749959,Εξυπηρετεί τις γραμμές:<br>609 Κέντρο<br>610 Express Κέντρο
Πάροδος Θερμοπυλών,38.258454,21.747992,Εξυπηρετεί τις γραμμές:<br>609 Κέντρο<br>610 Express Κέντρο
Αγ. Σοφίας,38.256142,21.745367,Εξυπηρετεί τις γραμμές:<br>201 ΤΕΙ - Ταραμπούρα<br>609 Κέντρο<br>610 Express Κέντρο
Νάκας,38.24928,21.736484,Εξυπηρετεί τις γραμμές:<br>609 Κέντρο<br>804 Κέντρο
Άγ. Διονύσιος - Επίκεντρο,38.253193,21.738313,Εξυπηρετεί τις γραμμές:<br>503 Κέντρο<br>609 Κέντρο<br>804 Κέντρο
Porto Rio,38.297593,21.77442,Εξυπηρετεί τις γραμμές:<br>606 Προάστιο - Καστελλόκαμπος - Porto Rio<br>609 Κέντρο
Καστελλόκαμπος,38.291149,21.77101,Εξυπηρετεί τη γραμμή:<br>609 Κέντρο
Αχιλλέως,38.289876,21.76991,Εξυπηρετεί τη γραμμή:<br>609 Κέντρο
Χάραδρος,38.288808,21.768994,Εξυπηρετεί τη γραμμή:<br>609 Κέντρο
Δάφνες,38.285303,21.766741,Εξυπηρετεί τη γραμμή:<br>609 Κέντρο
Γραμμές,38.283018,21.765504,Εξυπηρετεί τη γραμμή:<br>609 Κέντρο
Πολυκάστης,38.281914,21.76702,Εξυπηρετεί τη γραμμή:<br>609 Κέντρο
Αφετηρία Αρχ. Κυρίλλου,38.236577,21.727731,Εξυπηρετεί τις γραμμές:<br>602 Express Πανεπιστήμιο - Νοσοκομείο<br>610 Express Κέντρο
Parking Περιβόλα,38.210566,21.762316,Εξυπηρετεί τις γραμμές:<br>701 Κέντρο<br>702 Σούλι<br>703 Μπεγουλάκι - Σαραβάλι<br>704 Σαραβάλι - Κρήνη<br>706 Parking Περιβόλα<br>707 Σούλι - Σαραβάλι
Δυρραχίου,38.212072,21.761558,Εξυπηρετεί τη γραμμή:<br>701 Βέτα Κέντρο
Πανίτσα,38.212729,21.75962,Εξυπηρετεί τη γραμμή:<br>701 Βέτα Κέντρο
Θωμοπούλου,38.215526,21.754474,Εξυπηρετεί τη γραμμή:<br>701 Κέντρο
Σεφέρη,38.217157,21.75281,Εξυπηρετεί τη γραμμή:<br>701 Κέντρο
Κόμβος Κουκούλι,38.219924,21.750474,Εξυπηρετεί τη γραμμή:<br>701 Κέντρο
Παμπελοποννησιακό,38.221649,21.750176,Εξυπηρετεί τη γραμμή:<br>701 Κέντρο
Κολυμβητήριο Α. Πεπανός,38.22402,21.749322,Εξυπηρετεί τη γραμμή:<br>701 Κέντρο
Λάγγουρας,38.225606,21.749388,Εξυπηρετεί τη γραμμή:<br>701 Κέντρο
Χίου,38.228354,21.748984,Εξυπηρετεί τη γραμμή:<br>701 Κέντρο
Parking Άγ. Ανδρέας,38.230676,21.748271,Εξυπηρετεί τη γραμμή:<br>701 Κέντρο
Νοσοκομείο Άγ. Ανδρέας,38.233991,21.747133,Εξυπηρετεί τη γραμμή:<br>701 Κέντρο
Νοσοκομείο Άγ. Ανδρέας,38.235277,21.746578,Εξυπηρετεί τις γραμμές:<br>202 Ν. Δρόμος - Συχαινά<br>701 Κέντρο<br>804 Κέντρο
Άγ. Αθανάσιος,38.237456,21.745582,Εξυπηρετεί τις γραμμές:<br>701 Κέντρο<br>804 Κέντρο
Ψηλά Αλώνια (κάθοδος Γούναρη),38.242098,21.735977,Εξυπηρετεί τις γραμμές:<br>104 Τερψιθέα<br>701 Κέντρο<br>804 Κέντρο
ΟΤΕ (κάθοδος Γούναρη),38.24325,21.733719,Εξυπηρετεί τις γραμμές:<br>104 Τερψιθέα<br>701 Κέντρο<br>804 Κέντρο
Ερμού & Κανακάρη,38.2463422,21.7365256,Εξυπηρετεί τις γραμμές:<br>702 Σούλι<br>703 Μπεγουλάκι - Σαραβάλι<br>704 Σαραβάλι - Κρήνη<br>706 Parking Περιβόλα<br>707 Σούλι - Σαραβάλι
Βρυσακίων,38.209722,21.757364,Εξυπηρετεί τη γραμμή:<br>701 Μπεγουλάκι Κέντρο
Μεταμόρφωση Σωτήρος Μπεγουλάκι,38.209058,21.753937,Εξυπηρετεί τη γραμμή:<br>701 Μπεγουλάκι Κέντρο
Θεοτοκόπουλου,38.21062,21.753108,Εξυπηρετεί τη γραμμή:<br>701 Μπεγουλάκι Κέντρο
Λύτρα,38.212107,21.753024,Εξυπηρετεί τη γραμμή:<br>701 Μπεγουλάκι Κέντρο
Στουρνάρα,38.213574,21.752944,Εξυπηρετεί τη γραμμή:<br>701 Μπεγουλάκι Κέντρο
Βαρβάκη,38.216241,21.751627,Εξυπηρετεί τη γραμμή:<br>701 Μπεγουλάκι Κέντρο
Ιακωβίδου,38.216969,21.750497,Εξυπηρετεί τη γραμμή:<br>701 Μπεγουλάκι Κέντρο
ΤΕΙ,38.219058,21.750466,Εξυπηρετεί τη γραμμή:<br>701 Μπεγουλάκι Κέντρο
Κόμβος Parking Περιβόλα,38.208538,21.762034,Εξυπηρετεί τη γραμμή:<br>701 Κόμβος Κέντρο
Lidl,38.210044,21.759787,Εξυπηρετεί τη γραμμή:<br>701 Κόμβος Κέντρο
Βέτα,38.213026,21.756904,Εξυπηρετεί τη γραμμή:<br>701 Κέντρο
Κανακάρη & Γεροκωστοπούλου,38.245416,21.735835,Εξυπηρετεί τις γραμμές:<br>702 Σούλι<br>703 Μπεγουλάκι - Σαραβάλι<br>704 Σαραβάλι - Κρήνη<br>706 Parking Περιβόλα<br>707 Σούλι - Σαραβάλι<br>801 Άνω Κάτω Οβρυά - Δεμένικα - Πρ. Ηλίας<br>803 Καλλιθέα - Θέα - Δεμένικα
Κανακάρη & Φιλοποίμενος,38.243803,21.733764,Εξυπηρετεί τις γραμμές:<br>702 Σούλι<br>703 Μπεγουλάκι - Σαραβάλι<br>704 Σαραβάλι - Κρήνη<br>706 Parking Περιβόλα<br>707 Σούλι - Σαραβάλι<br>801 Άνω Κάτω Οβρυά - Δεμένικα - Πρ. Ηλίας<br>803 Καλλιθέα - Θέα - Δεμένικα
Νοσοκομείο Άγιος Ανδρέας,38.23396,21.746961,Εξυπηρετεί τις γραμμές:<br>702 Σούλι<br>703 Μπεγουλάκι - Σαραβάλι<br>704 Σαραβάλι - Κρήνη<br>706 Parking Περιβόλα<br>707 Σούλι - Σαραβάλι
Parking Σταθακοπούλου,38.230674,21.748266,Εξυπηρετεί τις γραμμές:<br>702 Σούλι<br>703 Μπεγουλάκι - Σαραβάλι<br>704 Σαραβάλι - Κρήνη<br>706 Parking Περιβόλα<br>707 Σούλι - Σαραβάλι
Σάμου,38.228878,21.7489,Εξυπηρετεί τις γραμμές:<br>702 Σούλι<br>703 Μπεγουλάκι - Σαραβάλι<br>704 Σαραβάλι - Κρήνη<br>706 Parking Περιβόλα<br>707 Σούλι - Σαραβάλι
Άγ. Γεώργιος Λάγγουρα,38.225602,21.749303,Εξυπηρετεί τις γραμμές:<br>702 Σούλι<br>703 Μπεγουλάκι - Σαραβάλι<br>704 Σαραβάλι - Κρήνη<br>706 Parking Περιβόλα<br>707 Σούλι - Σαραβάλι
Κόμβος ΤΕΙ,38.219193,21.750882,Εξυπηρετεί τις γραμμές:<br>702 Σούλι<br>703 Μπεγουλάκι - Σαραβάλι<br>704 Σαραβάλι - Κρήνη<br>706 Parking Περιβόλα<br>707 Σούλι - Σαραβάλι
Γεωργίου Σεφέρη,38.217234,21.752712,Εξυπηρετεί τις γραμμές:<br>702 Σούλι<br>703 Μπεγουλάκι - Σαραβάλι<br>704 Σαραβάλι - Κρήνη<br>706 Parking Περιβόλα<br>707 Σούλι - Σαραβάλι
Μουστάκη,38.212732,21.759622,Εξυπηρετεί τις γραμμές:<br>702 Σούλι<br>703 Μπεγουλάκι - Σαραβάλι<br>704 Σαραβάλι - Κρήνη<br>706 Parking Περιβόλα<br>707 Σούλι - Σαραβάλι
Carrefour,38.211525,21.763072,Εξυπηρετεί τις γραμμές:<br>702 Σούλι<br>707 Σούλι - Σαραβάλι
Νταβλούρου,38.211691,21.765624,Εξυπηρετεί τις γραμμές:<br>702 Σούλι<br>707 Σούλι - Σαραβάλι
Αντωνοπούλου,38.212317,21.771044,Εξυπηρετεί τις γραμμές:<br>702 Σούλι<br>707 Σούλι - Σαραβάλι
Διακίδη,38.212708,21.774471,Εξυπηρετεί τις γραμμές:<br>702 Σούλι<br>707 Σούλι - Σαραβάλι
Σταύρου,38.211364,21.77778,Εξυπηρετεί τις γραμμές:<br>702 Σούλι<br>707 Σούλι - Σαραβάλι
Κανάρη,38.212366,21.781883,Εξυπηρετεί τις γραμμές:<br>702 Σούλι<br>707 Σούλι - Σαραβάλι
Σούλι,38.21333,21.785128,Εξυπηρετεί τις γραμμές:<br>702 Σούλι<br>707 Σούλι - Σαραβάλι
Μιαούλη,38.21195,21.780347,Εξυπηρετεί τις γραμμές:<br>702 Σούλι<br>707 Σούλι - Σαραβάλι
Νεροτριβές,38.209617,21.780317,Εξυπηρετεί τις γραμμές:<br>702 Σούλι<br>707 Σούλι - Σαραβάλι
Ποτάμι,38.20909,21.781626,Εξυπηρετεί τις γραμμές:<br>702 Σούλι<br>707 Σούλι - Σαραβάλι
Πορφυρίου,38.207044,21.77786,Εξυπηρετεί τις γραμμές:<br>702 Σούλι<br>707 Σούλι - Σαραβάλι
Ζωοδόχος Πηγή,38.207929,21.771681,Εξυπηρετεί τις γραμμές:<br>702 Σούλι<br>707 Σούλι - Σαραβάλι
Κλάους,38.196589,21.767773,Εξυπηρετεί τις γραμμές:<br>703 Μπεγουλάκι - Σαραβάλι<br>704 Σαραβάλι - Κρήνη<br>707 Σούλι - Σαραβάλι
Άγ. Νικόλαος,38.192179,21.760334,Εξυπηρετεί τις γραμμές:<br>703 Μπεγουλάκι - Σαραβάλι<br>704 Σαραβάλι - Κρήνη<br>707 Σούλι - Σαραβάλι
Σαραβάλι,38.191279,21.757465,Εξυπηρετεί τις γραμμές:<br>703 Μπεγουλάκι - Σαραβάλι<br>704 Σαραβάλι - Κρήνη<br>707 Σούλι - Σαραβάλι
Πλατεία Σαραβαλίου,38.19166,21.754803,Εξυπηρετεί τις γραμμές:<br>703 Μπεγουλάκι - Σαραβάλι<br>704 Σαραβάλι - Κρήνη<br>707 Σούλι - Σαραβάλι
Γεννηματά,38.192622,21.755163,Εξυπηρετεί τις γραμμές:<br>703 Μπεγουλάκι - Σαραβάλι<br>704 Σαραβάλι - Κρήνη<br>707 Σούλι - Σαραβάλι
Ποτάμι 2,38.204911,21.76323,Εξυπηρετεί τις γραμμές:<br>703 Μπεγουλάκι - Σαραβάλι<br>704 Σαραβάλι - Κρήνη<br>707 Σούλι - Σαραβάλι
Ι.Ν. Αγ. Γεωργίου,38.201318,21.764772,Εξυπηρετεί τις γραμμές:<br>703 Μπεγουλάκι - Σαραβάλι<br>704 Σαραβάλι - Κρήνη<br>707 Σούλι - Σαραβάλι
Πετραδάκι,38.199142,21.766068,Εξυπηρετεί τις γραμμές:<br>703 Μπεγουλάκι - Σαραβάλι<br>704 Σαραβάλι - Κρήνη<br>707 Σούλι - Σαραβάλι
Σπίτια,38.193717,21.756902,Εξυπηρετεί τις γραμμές:<br>703 Μπεγουλάκι - Σαραβάλι<br>704 Σαραβάλι - Κρήνη<br>707 Σούλι - Σαραβάλι
Άγ. Στέφανος 1,38.195604,21.756503,Εξυπηρετεί τις γραμμές:<br>703 Μπεγουλάκι - Σαραβάλι<br>704 Σαραβάλι - Κρήνη<br>707 Σούλι - Σαραβάλι
Γήπεδο Σαραβαλίου,38.195843,21.75978,Εξυπηρετεί τις γραμμές:<br>703 Μπεγουλάκι - Σαραβάλι<br>704 Σαραβάλι - Κρήνη<br>707 Σούλι - Σαραβάλι
Πατρών - Κλάους,38.20335,21.763882,Εξυπηρετεί τις γραμμές:<br>703 Μπεγουλάκι - Σαραβάλι<br>704 Σαραβάλι - Κρήνη<br>707 Σούλι - Σαραβάλι
Ομπλός,38.193828,21.762578,Εξυπηρετεί τις γραμμές:<br>703 Μπεγουλάκι - Σαραβάλι<br>704 Σαραβάλι - Κρήνη<br>707 Σούλι - Σαραβάλι
Κοινότητα,38.191195,21.7563,Εξυπηρετεί τις γραμμές:<br>703 Μπεγουλάκι - Σαραβάλι<br>704 Σαραβάλι - Κρήνη<br>707 Σούλι - Σαραβάλι
Αγ. Στεφάνου,38.193721,21.756922,Εξυπηρετεί τις γραμμές:<br>703 Μπεγουλάκι - Σαραβάλι<br>704 Σαραβάλι - Κρήνη<br>707 Σούλι - Σαραβάλι
Πατρών Κλάους,38.203352,21.763891,Εξυπηρετεί τις γραμμές:<br>703 Μπεγουλάκι - Σαραβάλι<br>704 Σαραβάλι - Κρήνη<br>707 Σούλι - Σαραβάλι
Νοσοκομείο Άγ. Ανδρέα,38.235146,21.74648,Εξυπηρετεί τις γραμμές:<br>201 ΤΕΙ - Ταραμπούρα<br>801 Άνω - Κάτω Οβρυά - Δεμένικα<br>803 Καλλιθέα - Θέα - Δεμένικα
Άγ. Νεκτάριος,38.230163,21.74205,Εξυπηρετεί τις γραμμές:<br>201 ΤΕΙ - Ταραμπούρα<br>801 Άνω Κάτω Οβρυά - Δεμένικα - Πρ. Ηλίας<br>803 Καλλιθέα - Θέα - Δεμένικα
Ταραμπούρα,38.217496,21.740808,Εξυπηρετεί τις γραμμές:<br>801 Άνω Κάτω Οβρυά - Δεμένικα - Πρ. Ηλίας<br>803 Καλλιθέα - Θέα - Δεμένικα
Ετεοκλέους Θουρίας,38.215748,21.740724,Εξυπηρετεί τις γραμμές:<br>801 Άνω Κάτω Οβρυά - Δεμένικα - Πρ. Ηλίας<br>803 Καλλιθέα - Θέα - Δεμένικα
Διοκλέους,38.212465,21.739535,Εξυπηρετεί τις γραμμές:<br>801 Άνω Κάτω Οβρυά - Δεμένικα - Πρ. Ηλίας<br>803 Καλλιθέα - Θέα - Δεμένικα
Ακρωτηρίου & Γλαύκου,38.210909,21.7391,Εξυπηρετεί τις γραμμές:<br>801 Άνω Κάτω Οβρυά - Δεμένικα - Πρ. Ηλίας<br>803 Καλλιθέα - Θέα - Δεμένικα
Λαχαναγορά,38.208737,21.738227,Εξυπηρετεί τις γραμμές:<br>801 Άνω Κάτω Οβρυά - Δεμένικα - Πρ. Ηλίας<br>803 Καλλιθέα - Θέα - Δεμένικα
Αμαλιάδος,38.207267,21.737628,Εξυπηρετεί τις γραμμές:<br>801 Άνω Κάτω Οβρυά - Δεμένικα - Πρ. Ηλίας<br>803 Καλλιθέα - Θέα - Δεμένικα
Αγ. Σωτήρος,38.205128,21.736851,Εξυπηρετεί τις γραμμές:<br>801 Άνω Κάτω Οβρυά - Δεμένικα - Πρ. Ηλίας<br>803 Καλλιθέα - Θέα - Δεμένικα
Ρίτσι,38.203348,21.735508,Εξυπηρετεί τις γραμμές:<br>801 Άνω Κάτω Οβρυά - Δεμένικα - Πρ. Ηλίας<br>803 Καλλιθέα - Θέα - Δεμένικα
Ιάσωνος,38.201418,21.733606,Εξυπηρετεί τις γραμμές:<br>801 Άνω Κάτω Οβρυά - Δεμένικα - Πρ. Ηλίας<br>803 Καλλιθέα - Θέα - Δεμένικα
Θεμιστοκλέους,38.197928,21.732762,Εξυπηρετεί τις γραμμές:<br>801 Άνω Κάτω Οβρυά - Δεμένικα - Πρ. Ηλίας<br>803 Καλλιθέα - Θέα - Δεμένικα
Βλάχου,38.195304,21.731651,Εξυπηρετεί τις γραμμές:<br>801 Άνω Κάτω Οβρυά - Δεμένικα - Πρ. Ηλίας<br>803 Καλλιθέα - Θέα - Δεμένικα
Κεφαλοβρύσου,38.193458,21.731967,Εξυπηρετεί τις γραμμές:<br>801 Άνω Κάτω Οβρυά - Δεμένικα - Πρ. Ηλίας<br>803 Καλλιθέα - Θέα - Δεμένικα
Δημοκρατίας,38.190695,21.73082,Εξυπηρετεί τις γραμμές:<br>801 Άνω Κάτω Οβρυά - Δεμένικα - Πρ. Ηλίας<br>803 Καλλιθέα - Θέα - Δεμένικα
Παλαιών Πατρών Γερμανού,38.189632,21.72964,Εξυπηρετεί τις γραμμές:<br>801 Άνω Κάτω Οβρυά - Δεμένικα - Πρ. Ηλίας<br>803 Καλλιθέα - Θέα - Δεμένικα
Δημαρχείο Μεσσάτιδας,38.188589,21.72867,Εξυπηρετεί τις γραμμές:<br>801 Άνω Κάτω Οβρυά - Δεμένικα - Πρ. Ηλίας<br>803 Καλλιθέα - Θέα - Δεμένικα
Νικολάου Ντεβέ,38.18773,21.728198,Εξυπηρετεί τις γραμμές:<br>801 Άνω Κάτω Οβρυά - Δεμένικα - Πρ. Ηλίας<br>803 Καλλιθέα - Θέα - Δεμένικα
1ο Δημοτικό Σχολείο Οβρυάς,38.188529,21.724822,Εξυπηρετεί τη γραμμή:<br>801 Άνω Κάτω Οβρυά - Δεμένικα - Πρ. Ηλίας
3ης Σεπτέμβρη,38.190482,21.723921,Εξυπηρετεί τη γραμμή:<br>801 Άνω Κάτω Οβρυά - Δεμένικα - Πρ. Ηλίας
Κόμβος Περιμετρική,38.189278,21.720741,Εξυπηρετεί τη γραμμή:<br>801 Άνω Κάτω Οβρυά - Δεμένικα - Πρ. Ηλίας
Εργατικές Κατοικίες 3,38.193239,21.712511,Εξυπηρετεί τη γραμμή:<br>801 Άνω Κάτω Οβρυά - Δεμένικα - Πρ. Ηλίας
ΤΣ Οβρυά,38.193224,21.712474,Εξυπηρετεί τη γραμμή:<br>801 Άνω Κάτω Οβρυά - Δεμένικα - Πρ. Ηλίας
Δεμένικα - Παιδικός Σταθμός,38.202346,21.737078,Εξυπηρετεί τις γραμμές:<br>801 Άνω Κάτω Οβρυά - Δεμένικα - Πρ. Ηλίας<br>803 Καλλιθέα - Θέα - Δεμένικα
Σχολεία Δεμένικα,38.202025,21.739688,Εξυπηρετεί τις γραμμές:<br>801 Άνω Κάτω Οβρυά - Δεμένικα - Πρ. Ηλίας<br>803 Καλλιθέα - Θέα - Δεμένικα
Άγ. Θεόδωροι,38.201562,21.744043,Εξυπηρετεί τις γραμμές:<br>801 Άνω Κάτω Οβρυά - Δεμένικα - Πρ. Ηλίας<br>803 Καλλιθέα - Θέα - Δεμένικα
Τέρμα Δεμένικα,38.201263,21.745826,Εξυπηρετεί τις γραμμές:<br>801 Άνω Κάτω Οβρυά - Δεμένικα - Πρ. Ηλίας<br>803 Καλλιθέα - Θέα - Δεμένικα
Έλληνος Στρατιώτου,38.188682,21.734089,Εξυπηρετεί τις γραμμές:<br>801 Άνω Κάτω Οβρυά - Δεμένικα - Πρ. Ηλίας<br>803 Καλλιθέα - Θέα - Δεμένικα
Πλατεία Πρ. Ηλία,38.18716,21.735544,Εξυπηρετεί τις γραμμές:<br>801 Άνω Κάτω Οβρυά - Δεμένικα - Πρ. Ηλίας<br>803 Καλλιθέα - Θέα - Δεμένικα
Μίνωος,38.182166,21.728044,Εξυπηρετεί τη γραμμή:<br>803 Καλλιθέα - Θέα - Δεμένικα
Κυριαζής,38.180033,21.728649,Εξυπηρετεί τη γραμμή:<br>803 Καλλιθέα - Θέα - Δεμένικα
Αγία Τριάδα,38.161908,21.727733,Εξυπηρετεί τη γραμμή:<br>803 Καλλιθέα - Θέα - Δεμένικα
Άνω Καλλιθέα,38.162939,21.730452,Εξυπηρετεί τη γραμμή:<br>803 Καλλιθέα - Θέα - Δεμένικα
Τέρμα Καλλιθέα,38.161668,21.732368,Εξυπηρετεί τις γραμμές:<br>803 Καλλιθέα - Θέα - Δεμένικα<br>804 Κέντρο
Καλλιθέα,38.163455,21.729325,Εξυπηρετεί τις γραμμές:<br>803 Καλλιθέα - Θέα - Δεμένικα<br>804 Κέντρο
Διασταύρωση,38.163366,21.727466,Εξυπηρετεί τις γραμμές:<br>803 Καλλιθέα - Θέα - Δεμένικα<br>804 Κέντρο
Μπότσαρη,38.165473,21.726992,Εξυπηρετεί τις γραμμές:<br>803 Καλλιθέα - Θέα - Δεμένικα<br>804 Κέντρο
Στροφές,38.168399,21.727103,Εξυπηρετεί τις γραμμές:<br>803 Καλλιθέα - Θέα - Δεμένικα<br>804 Κέντρο
Βότση,38.17042,21.727076,Εξυπηρετεί τις γραμμές:<br>803 Καλλιθέα - Θέα - Δεμένικα<br>804 Κέντρο
Πάροδος Παλαιοχώρας,38.171502,21.722259,Εξυπηρετεί τη γραμμή:<br>803 Καλλιθέα - Θέα - Δεμένικα
Παλαιοχώρας,38.170334,21.719654,Εξυπηρετεί τη γραμμή:<br>803 Καλλιθέα - Θέα - Δεμένικα
Θέα,38.168746,21.716645,Εξυπηρετεί τη γραμμή:<br>803 Καλλιθέα - Θέα - Δεμένικα
ΤΣ Θέα,38.166494,21.71549,Εξυπηρετεί τις γραμμές:<br>803 Καλλιθέα - Θέα - Δεμένικα<br>804 Κέντρο
Σχολεία Κάτω Οβρυάς,38.192309,21.710267,Εξυπηρετεί τη γραμμή:<br>804 Κέντρο
Καπετάν Γκριντζάλη,38.190942,21.709916,Εξυπηρετεί τη γραμμή:<br>804 Κέντρο
Χρήστου Γιαλελή,38.191419,21.704602,Εξυπηρετεί τη γραμμή:<br>804 Κέντρο
Κόμβος Περιμετρικής,38.189254,21.720702,Εξυπηρετεί τη γραμμή:<br>804 Κέντρο
Ηλείας,38.194905,21.728241,Εξυπηρετεί τη γραμμή:<br>804 Κέντρο
Αγ. Νικολάου,38.247595,21.73744,Εξυπηρετεί τις γραμμές:<br>202 Ν. Δρόμος - Συχαινά<br>303 Θερμοπυλών<br>601 Πανεπιστήμιο - Νοσοκομείο<br>602 Express Πανεπιστήμιο - Νοσοκομείο<br>603 Πανεπιστήμιο - Άγ. Βασίλειος - Δημορηγόπουλο - Ρίο<br>604 Πανεπιστήμιο - Νοσοκομείο - Ρίο<br>606 Προάστιο - Καστελλόκαμπος - Porto Rio<br>607 Βούντενη - Μπάλας<br>608 Άνω Καστρίτσι<br>804 Κέντρο
Αιόλου,38.178744,21.726286,Εξυπηρετεί τη γραμμή:<br>804 Κέντρο
Κρητικού,38.193454,21.731973,Εξυπηρετεί τη γραμμή:<br>804 Κέντρο
Άγ. Διονύσιος,38.254071,21.738578,Εξυπηρετεί τις γραμμές:<br>104 Τερψιθέα<br>901 Πανεπιστήμιο - Νοσοκομείο μέσω Έλλ. Στρατιώτου
Πλατεία Αγ. Λαύρας - ΙΚΑ,38.255382,21.740747,Εξυπηρετεί τις γραμμές:<br>104 Τερψιθέα<br>901 Πανεπιστήμιο - Νοσοκομείο μέσω Έλλ. Στρατιώτου
Πολυνείκους,38.265951,21.74668,Εξυπηρετεί τις γραμμές:<br>104 Τερψιθέα<br>901 Πανεπιστήμιο - Νοσοκομείο μέσω Έλλ. Στρατιώτου
Καζαντζάκη,38.26929,21.750316,Εξυπηρετεί τη γραμμή:<br>901 Πανεπιστήμιο - Νοσοκομείο μέσω Έλλ. Στρατιώτου
Εμμανουήλ Ροΐδη,38.272686,21.754625,Εξυπηρετεί τη γραμμή:<br>901 Πανεπιστήμιο - Νοσοκομείο μέσω Έλλ. Στρατιώτου
Αφετηρία Parking Τερψιθέας,38.268072,21.738905,Εξυπηρετεί τη γραμμή:<br>111 Parking Τερψιθέα
Μαρίνα,38.264226,21.739388,Εξυπηρετεί τη γραμμή:<br>111 Parking Τερψιθέας
Parking,38.267202,21.739356,Εξυπηρετεί τη γραμμή:<br>111 Parking Τερψιθέας
Ακτή Δημαίων & Παπαφλέσσα,38.240894,21.726288,Εξυπηρετεί τις γραμμές:<br>501 Τσουκαλέικα - Μονοδένδρι<br>502 Μιντιλόγλι<br>118 Λιμάνι - Port
Ακτή Δημαίων & Β. Ηπείρου,38.233179,21.724697,Εξυπηρετεί τις γραμμές:<br>501 Τσουκαλέικα - Μονοδένδρι<br>502 Μιντιλόγλι<br>118 Λιμάνι - Port
Αφετηρία Νέο Λιμάνι,38.226381,21.721396,Εξυπηρετεί τη γραμμή:<br>118 Λιμάνι - Port
Ι.Ν. Άγ. Ανδρέας,38.24141,21.726533,Εξυπηρετεί τις γραμμές:<br>503 Κέντρο<br>118 Λιμάνι - Port
