stop_name,routes,latitude,longitude,cluster
Αφετηρία Πλαζ,"['101', '102', '103', '105', '301', '303']",38.2805979,21.7535429,63
Πλαζ 3,"['101', '102', '103', '301']",38.2815815,21.7490987,63
Πλαζ 2,"['101', '102', '103', '301']",38.2776748,21.7451711,63
Πλαζ 1,"['101', '102', '103', '301']",38.2740416,21.7427638,13
Ρομάντζα,"['101', '102', '103']",38.272294,21.742346,13
Ματθαίου,"['101', '102', '103']",38.271364,21.743895,13
Αγυιά (Γραμμές),"['101', '102', '103']",38.270466,21.745364,13
Άγιος Κωνσταντίνος,"['101', '102', '103']",38.269352,21.747192,14
Νοταρά & Χορτάτζη,"['101', '102', '103']",38.268284,21.748785,14
Πινδάρου,"['101', '102', '103']",38.267211,21.74808,91
Ανθοπωλείο,"['101', '102', '103']",38.265936,21.746682,91
Νοταρά & Αμερικής,"['101', '102', '103']",38.263914,21.744788,91
Γήπεδο Παναχαϊκής,"['101', '102', '103']",38.261762,21.743465,39
Λευκωσίας,"['101', '102', '103']",38.260159,21.742684,39
ΕΛΤΑ,"['101', '102', '103']",38.258725,21.742099,39
Αγίας Σοφίας,"['101', '102', '103']",38.25695,21.741396,31
Πλατεία Αγίας Λαύρας - ΙΚΑ,"['101', '102', '103']",38.25522,21.740666,31
Νόρμαν,"['101', '102', '103']",38.253473,21.740196,31
Μουρούζη,"['101', '102', '103']",38.252243,21.740206,30
Παλιό Αρσάκειο,"['101', '102', '103', '201', '301', '302', '609']",38.250681,21.740163,30
Παλαιό Μουσείο,"['101', '102', '103', '201', '301', '302', '609']",38.249366,21.738488,73
Αγίου Νικολάου,"['101', '102', '103', '201', '301', '302', '609']",38.248061,21.736819,74
Πλατεία Γεωργίου,"['101', '102', '103', '201', '301', '302', '501', '502']",38.246583,21.734399,75
Δημαρχείο Πάτρας,"['101', '102', '103', '201', '301', '302', '501', '502']",38.245087,21.732976,20
ΟΤΕ,"['101', '102', '103', '702', '703', '704', '706', '707', '801', '803']",38.243263,21.733688,20
Ψηλά Αλώνια,"['101', '102', '103', '702', '703', '704', '706', '707', '801', '803']",38.242119,21.735909,21
Ομόνοια,"['101', '102', '103', '702', '703', '704', '706', '707', '801', '803']",38.240948,21.738981,83
Άγιος Δημήτριος,"['101', '102', '103', '702', '703', '704', '706', '707', '801', '803']",38.239973,21.741481,82
Γραίτζα Παλαιολόγου,"['101', '102', '103']",38.238976,21.74368,53
3ου Ορειβατικού,"['101', '102', '103']",38.23916,21.745182,53
Πλατεία Ταμπάχανα,"['101', '102', '103', '401']",38.240275,21.745802,1
12ου Συντάγματος,"['101', '102', '103']",38.239561,21.74795,1
Γ' Νεκροταφείο Πατρών,"['101', '102', '103']",38.238832,21.749651,0
Εγλυκάδος,['101'],38.237523,21.751268,0
Πάρκο,['101'],38.235401,21.752486,80
Παρασκευοπούλου,['101'],38.233702,21.754643,80
Κλεάρχου,['101'],38.232338,21.756834,80
Σάντο,['101'],38.230773,21.758119,16
Λυσάνδρου,['101'],38.229498,21.760936,15
Λεωνίδου,['101'],38.227802,21.76203,15
Άγιος Ανδρέας Εγλυκάδας,['101'],38.226862,21.761799,15
41ο Δημοτικό Σχολείο Πατρών,['101'],38.225878,21.762006,15
Πέλοπος,['101'],38.225551,21.7597,16
Χάραμα,['101'],38.225718,21.758178,16
Σικελιανού,['101'],38.225545,21.759594,16
Μαραθωνομάχων,['101'],38.225776,21.762131,15
Λοχαγού Φωτόπουλου,['101'],38.225747,21.763297,15
Νεκροταφείο Εγλυκάδας,"['101', '105']",38.22588,21.766064,15
Αφετηρία Ρομάντζα,"['101', '102', '103', '104']",38.273077,21.743447,13
Σύνορα - ΚΕΤΧ,"['102', '103']",38.238266,21.751486,0
Δούρος,"['102', '103']",38.238422,21.754535,80
409 Στρατιωτικό Νοσοκομείο,"['102', '103']",38.237709,21.755466,80
Προφήτης Ηλίας,"['102', '103']",38.236336,21.759061,80
Οδός Γηροκομείου,"['102', '103']",38.235719,21.760643,42
Παπάκου,"['102', '103']",38.235258,21.762303,42
Στροφές,['102'],38.234472,21.763717,42
Νοσημάτων Θώρακος,['102'],38.234938,21.766834,41
Λυκόχωρος 1,['102'],38.235417,21.768323,41
Λυκόχωρος 2,['102'],38.235548,21.770036,41
Λυκόχωρος - Πηγή,['102'],38.23465,21.771911,34
Λυκόχωρος - Adams,['102'],38.233669,21.774183,34
Τέρμα Λυκόχωρος,['102'],38.233939,21.776324,34
Στροφή Λυκόχωρου,['102'],38.235777,21.766324,41
Μονή Γηροκομείου,['102'],38.236424,21.765914,41
Μέριμνα,['102'],38.237923,21.764985,41
Τέρμα Διάκου,"['102', '104']",38.238982,21.763344,41
46ο Δημ. Σχολείο Πατρών,['103'],38.233764,21.76295,42
Στροφή Εγλυκάδας,['103'],38.23234,21.764175,42
Τζόλλας,['103'],38.228824,21.771332,34
Στροφή Τζόλλα,['103'],38.22777,21.774151,34
Αγία Ειρήνη,['103'],38.227336,21.774763,34
Περιμετρική,['103'],38.227994,21.776627,34
Απόλαυση,['103'],38.22795,21.780763,96
Ζωοδόχου Πηγής,['103'],38.228618,21.784001,96
Ρωμανού 2,['103'],38.229173,21.787941,96
Ρωμανού,['103'],38.22887,21.791157,96
Ελεκίστρα,"['103', '104']",38.215992,21.801417,76
Ιωάννου Δαμασκηνού,['104'],38.231331,21.766683,42
Σύνορα,['104'],38.238403,21.750622,0
Πλατεία Μαρούδα,"['104', '701', '804']",38.238677,21.744055,53
Αγ. Ανδρέου & Φιλοποίμενος,"['104', '503', '118']",38.246153,21.731539,19
Γεροκωστοπούλου,"['104', '503', '118']",38.247567,21.733278,75
Αγ. Ανδρέου & Κολοκοτρώνη,"['104', '503', '111', '118']",38.249483,21.735773,74
Υπεραστικό ΚΤΕΛ Αχαΐας,"['104', '503', '609', '804', '901', '111', '118']",38.251223,21.73768,30
Αγ. Διονύσιος,"['104', '901']",38.254032,21.738559,31
Πεύκο,"['104', '901']",38.264262,21.745219,91
Νοταρά,"['104', '901']",38.268457,21.748908,14
Τέρμα Αρέθα,"['201', '202']",38.264778,21.761347,47
Αμπελόκηποι,['201'],38.265297,21.760502,47
Πλατεία Αμπελοκήπων,['201'],38.265822,21.758834,47
Πανεπιστημίου & Αρέθα,"['201', '609']",38.266064,21.756659,46
Γεωργική Σχολή,"['201', '609']",38.264645,21.754793,46
Ανθούπολη,"['201', '609']",38.261324,21.753358,38
Α' Νεκροταφείο,['201'],38.260067,21.751479,38
Φίλιππα,['201'],38.258227,21.749348,38
Κωνσταντινουπόλεως,"['201', '301', '302', '609', '610']",38.255729,21.7429,31
Φαβιέρου,"['201', '301', '302', '609', '610']",38.254023,21.742224,31
Δικαστήρια,"['201', '301', '302', '501', '502', '610']",38.244018,21.731619,19
Τριών Ναυάρχων,"['201', '301', '302', '501', '502', '610']",38.242764,21.729931,19
Παπαφλέσσα,['201'],38.240877,21.72848,61
Ναυαρίνου,['201'],38.239644,21.729813,60
Ιεροθέου,['201'],38.23719,21.729319,62
Σκαγιοπούλειο,['201'],38.23616,21.730671,62
Απόστολος Παύλος,['201'],38.236991,21.734253,84
Πέντε Δρόμοι,['201'],38.237145,21.736082,84
Σμύρνης 1,['201'],38.237057,21.737756,83
Σμύρνης 2,['201'],38.237162,21.739783,82
Ιωνίας,['201'],38.235999,21.740006,82
Πλατεία Ελευθερίας,['201'],38.23529,21.741211,82
Πριγκηποννήσων,['201'],38.235326,21.74352,52
Νοσοκομείο Αγ. Ανδρέας,"['201', '801']",38.234976,21.746563,52
Κολωνάκι,"['201', '801', '803']",38.232381,21.744201,52
Άγιος Νεκτάριος,"['201', '801', '803']",38.230161,21.742053,94
Πλατεία Παπανδρέου,"['201', '801', '803']",38.228553,21.740931,94
Ευγενίας,"['201', '801', '803']",38.226991,21.742099,94
Ψαροφάι,"['201', '801', '803']",38.225396,21.742435,94
Ανάληψη,"['201', '801', '803']",38.223709,21.74258,94
Μιμόζα,"['201', '801', '803']",38.220362,21.741637,44
Άγιος Αιμιλιανός,['201'],38.219367,21.742989,44
Ταραμπούρα - ΤΕΙ,"['201', '202']",38.219171,21.745413,44
Μεγ. Αλεξάνδρου,['202'],38.2206,21.744687,44
Σκύρου,['202'],38.219233,21.743659,44
Φωκαίας,['202'],38.236426,21.74478,53
ΚΑΠΗ,['202'],38.23777,21.739783,82
Βουλγάρεως,['202'],38.23806,21.738578,83
Λόντου,['202'],38.237793,21.737465,83
Σολωμού,['202'],38.23631,21.730209,62
Αγία Βαρβάρα,['202'],38.238605,21.730643,62
Παπαφλέσσα & Κορίνθου,"['202', '303', '602']",38.241386,21.729435,19
Κορίνθου & Μιαούλη,"['202', '303', '602']",38.243265,21.731886,19
Ζαΐμη,"['202', '303', '601', '602', '603', '604', '606', '607', '608']",38.248998,21.739233,73
Πλατεία Πυροσβεστείου,"['202', '303', '601', '602', '603', '604', '606', '607', '608']",38.251501,21.742469,30
Μαράτου,"['202', '303', '601', '602', '603', '604', '606', '607', '608']",38.255243,21.745956,39
Κουρτέση,"['202', '303', '601', '602', '603', '604', '606', '607', '608']",38.257032,21.74804,39
Μειλίχου 1,"['202', '607']",38.265875,21.756742,46
Μειλίχου 2,"['202', '607']",38.264841,21.758909,47
Ολύμπιον,"['202', '607']",38.264328,21.760212,47
Τέρμα Θερμοπυλών,"['301', '302']",38.264537,21.750184,92
Θερμοπυλών,"['301', '302']",38.263217,21.749661,92
Ευπαλίνου,"['301', '302']",38.261155,21.748628,38
Εργατικές Κατοικίες,"['301', '302']",38.259856,21.74774,38
Πέντε Πηγαδίων,"['301', '302']",38.258266,21.745932,39
Ζακύνθου & Αγ. Σοφίας,"['301', '302']",38.256434,21.745052,39
Μαιζώνος & Παπαφλέσσα,"['301', '302', '610']",38.240656,21.727799,61
Σμύρνης,"['301', '302', '610']",38.238464,21.727401,60
Γ' ΔΟΥ,"['301', '302']",38.236579,21.727076,62
Μαιζώνος & Μαξίμου,"['301', '302']",38.234145,21.726781,59
Κορίνθου,"['301', '302']",38.233362,21.727826,59
Μεσολογγίου,"['301', '302']",38.233932,21.733344,12
Βύρωνος,"['301', '302']",38.235104,21.735824,84
13ο Δημοτικό Σχολείο Πατρών,"['301', '302']",38.234805,21.73735,84
Ελλησπόντου,"['301', '302']",38.233162,21.736709,84
Άγ. Ιωάννης Πράτσικα,"['301', '302']",38.231856,21.735934,12
Θεοδοσίου,"['301', '302']",38.230728,21.735185,12
Ανδρονίκου,"['301', '302']",38.228295,21.733795,12
Αιδηψού,"['301', '302']",38.227098,21.733252,12
Κομνηνών,"['301', '302']",38.226074,21.731744,12
Καρπενησιώτου,"['301', '302']",38.223996,21.731098,36
Άγ. Χαράλαμπος,"['301', '302']",38.222362,21.730616,36
Θουκυδίδου,"['301', '302']",38.222326,21.732743,36
24ο Δημοτικο Σχολείο Πατρών,"['301', '302']",38.221294,21.735108,36
Ανθείας,"['301', '302']",38.220789,21.73717,36
Αφετηρία Ζαρουχλέικα,"['301', '302']",38.218488,21.736867,36
Βασιλόπουλος,['302'],38.21633,21.735387,36
Νεάπολη,['302'],38.215118,21.734036,55
Συνεταιρισμός Ταξί,['302'],38.212336,21.730797,55
Κουνινιώτη,['302'],38.209652,21.728851,55
Άγιος Σπυρίδωνας,['302'],38.208064,21.727422,55
22ο Δημοτικό Σχολείο Πατρών,['302'],38.205545,21.725439,55
Παπαθωμά,['303'],38.222837,21.730227,36
Ιουλιανού,['303'],38.230132,21.73492,12
Αγίας Τριάδας,['303'],38.235707,21.736964,84
Parking Τροχαίας,"['303', '609']",38.261248,21.750992,38
Θεοδότου,['303'],38.262806,21.747475,91
Τυρταίου,['303'],38.264513,21.748682,92
Μ. Κύκκου,['303'],38.206819,21.723181,6
Βυρσοδεψείο,['303'],38.207856,21.720817,6
Pirelli,['303'],38.209454,21.717393,7
Άγιος Γεώργιος,['303'],38.212011,21.718765,6
Κέκροπος,['303'],38.210178,21.722002,6
Εντελβάις,['303'],38.209045,21.725374,55
Κολοκοτρώνη,['401'],38.247446,21.738748,73
Α' ΔΟΥ Πατρών,['401'],38.247228,21.738266,73
Αρχαίο Ωδείο,['401'],38.242891,21.73816,21
ΙΚΑ,['401'],38.2408,21.743089,1
4ο ΓΕΛ Πατρών,['401'],38.241705,21.74869,1
Πλατεία Αρόης,['401'],38.2423,21.753489,0
Συνταγματάρχη Ζήση,['401'],38.243482,21.757021,81
Αγίου Στεφάνου,['401'],38.242983,21.758628,81
Σαμακιά,['401'],38.241621,21.760357,81
Διονύσου,['401'],38.240651,21.760164,81
Τέρμα Αρόης,"['401', '402']",38.240104,21.761838,81
Ναυπάκτου,['402'],38.243764,21.752467,1
Παυλοπούλου,['402'],38.244645,21.75133,1
Άρτας,['402'],38.24341,21.749639,1
Μεσσάτιδος,['402'],38.242501,21.747796,1
Αφετηρία Όθωνος Αμαλίας & Καρόλου,"['501', '502', '606', '607', '608', '801', '803', '901']",38.252761,21.736821,30
ΟΣΕ,"['501', '502', '606', '607', '608', '801', '803', '111', '118']",38.24973,21.735346,74
Ερμού,"['501', '502', '801', '803']",38.247377,21.735202,75
Ακτή Δυμαίων & Παπαφλέσσα,"['501', '502', '118']",38.240889,21.726282,61
ΔΕΗ,"['501', '502', '118']",38.238063,21.725668,60
Ακτή Δυμαίων & Β. Ηπείρου,"['501', '502', '118']",38.233135,21.724673,59
ΔΕΥΑΠ,"['501', '502', '118']",38.229295,21.723724,72
Πτωχοκομείο,"['501', '502', '118']",38.226724,21.722776,72
Σφαγεία,"['501', '502', '118']",38.221894,21.720644,72
NISSAN Σπηλιόπουλος,"['501', '502']",38.216347,21.718937,6
Ποτάμι Γλαύκος,"['501', '502']",38.213976,21.717705,6
Εργατικές Κατοικίες Ιτιές,"['501', '502']",38.211844,21.716586,7
Λεύκα,"['501', '502']",38.21048,21.715131,7
Κόκκινος Μύλος,"['501', '502']",38.207582,21.711448,67
Μαραγκοπούλου,"['501', '502']",38.204806,21.709209,67
Εύα,"['501', '502']",38.203391,21.706002,67
Μπεκίρη,"['501', '502']",38.20233,21.702885,67
ΠΙΚΠΑ,"['501', '502']",38.200373,21.700281,67
Τζιλιάνου Σπύρου,"['501', '502']",38.198746,21.698139,35
Ι.Ν. Παναγίας Παραλίας,"['501', '502']",38.196819,21.696556,35
Δημαρχείο Παραλίας,"['501', '502']",38.194403,21.694494,35
Γεφυράκι Τσαούση,"['501', '502']",38.193306,21.693078,35
Ακταίον,"['501', '502']",38.191655,21.691451,35
Τσαούση,"['501', '502']",38.190126,21.690453,35
Φανάρι,"['501', '502']",38.185987,21.689154,4
Κηπουργού,"['501', '502']",38.183815,21.688221,4
Άγ. Κωνσταντίνος Ροϊτίκων,['501'],38.180385,21.68653,4
Εργοστάσιο Πλαστικών,['501'],38.177663,21.683647,86
Διασταύρωση Θρασ. Τσατσά,['501'],38.173743,21.680748,86
Διασταύρωση Σπηλιωτακόπουλου,['501'],38.170588,21.678335,40
Νεκροταφείο Βραχνεΐκων,['501'],38.168515,21.676456,40
Είσοδος Βραχνέικα,['501'],38.167426,21.675448,40
Οικονομοπούλου,['501'],38.165944,21.673457,40
Άγ. Βασίλειος Βραχνεΐκων,['501'],38.164009,21.67095,10
Κέντρο Βραχνέικα,['501'],38.162812,21.668524,10
Μπρούζος,['501'],38.161767,21.664687,10
Δρεσθενά,['501'],38.161361,21.6627,10
Παλιό Τέρμα,['501'],38.161406,21.659956,89
Παλιό Φυλάκιο ΟΣΕ,['501'],38.16136,21.657478,89
Καρτινός,['501'],38.160516,21.654961,89
Κάρλου,['501'],38.158615,21.650815,89
Άγ. Χαράλαμπος Τσουκαλέικα,['501'],38.156988,21.647286,33
Δημοτικό Σχολείο Τσουκαλέικα,['501'],38.156263,21.645524,33
Τσουκαλέικα,['501'],38.155317,21.64053,33
ΤΣ Τσουκαλέικα,"['501', '503']",38.154188,21.631332,33
Παιδότοπος,['501'],38.187179,21.687522,4
Ροΐτικα,['501'],38.185995,21.682031,5
Πλατεία Ροΐτικα,['501'],38.185916,21.680248,5
Εξέδρα Ροΐτικα,['501'],38.183622,21.678133,5
Στροφή,['501'],38.181427,21.677495,86
Ψησταριά Τσατσά,['501'],38.178844,21.677633,86
Παλιό Δημοτικό,['501'],38.17677,21.677387,86
Οδός Τσατσά,['501'],38.175189,21.676865,86
Μαγαζιά Μονοδένδρι,['501'],38.173729,21.676189,86
Σπηλιωτακοπούλου,['501'],38.171727,21.675132,40
Βίλλα Γάλλου,['501'],38.169536,21.673623,40
Ι.Ν. Ευαγγελίστριας,['501'],38.166318,21.668429,10
Γραμμές ΟΣΕ,['501'],38.163856,21.669481,10
Ανεμόμυλος,['503'],38.155349,21.635485,33
Διασταύρωση Οδός Σκέντζου,['503'],38.16703,21.67504,40
Μουρτά,['503'],38.197325,21.696956,35
Διασταύρωση Οδός Λεύκας,['503'],38.210421,21.715134,7
ΑΒΕΞ,['503'],38.223887,21.721211,72
Ακτή Δυμαίων & Μαξίμου,"['503', '118']",38.234167,21.72506,59
Γ' ΔΟΥ Πατρών,"['503', '118']",38.236763,21.725566,59
Ι.Ν. Άγιος Ανδρέας,"['503', '118']",38.241344,21.726508,61
Πλατεία Πίνδου,"['503', '118']",38.245237,21.730416,19
Αγ. Διονύσιος - Επίκεντρο,"['503', '609', '804']",38.253374,21.738361,30
FORD - Λαζανάς,['502'],38.202737,21.705996,67
Παλιουργιά,['502'],38.199619,21.708558,67
Εργατικές Κατοικίες 1,['502'],38.19347,21.712946,23
Εργατικές Κατοικίες 2,['502'],38.192746,21.713402,23
Στροφή Κάτω Οβρυά,['502'],38.188431,21.714237,65
Συνεργείο,['502'],38.188148,21.713478,65
Μάρβιν,['502'],38.187962,21.710509,65
Νεκροταφείο,['502'],38.187898,21.707939,64
Ιπποκράτους,['502'],38.187724,21.705706,64
ΤΣ Πλατεία Μιντιλογλίου,"['502', '503']",38.18396,21.701506,71
Αγίου Κωνσταντίνου,['502'],38.182391,21.69008,4
Σχολείο,['502'],38.183818,21.696,71
Μιντιλόγλι,['502'],38.186266,21.701211,71
Καποδιστρίου,"['503', '804']",38.187955,21.710512,65
Χατζηλιακόν,"['503', '804']",38.188137,21.713481,65
Ford Λαζανάς,['503'],38.202718,21.706003,67
Αγίου Γεωργίου,['503'],38.186309,21.701425,71
Κουρδής,['503'],38.185158,21.698712,71
Καστάνη 2,['503'],38.185251,21.694346,71
Καστάνη 1,['503'],38.187844,21.691391,4
Αρέθα (προς Πανεπιστήμιο),"['601', '603', '604', '606', '608']",38.266091,21.756736,46
Αρέθα,"['601', '603', '604', '606', '608']",38.266908,21.757542,48
Intracom,"['601', '603', '604', '606', '608']",38.269487,21.75826,48
Κοτρώνι,"['601', '603', '604', '606', '608']",38.270948,21.758728,88
Μηχανική Καλλιέργεια 1,"['601', '603', '604', '606', '608']",38.273072,21.76005,88
Μηχανική Καλλιέργεια 2,"['601', '603', '604', '606', '608']",38.275107,21.762553,88
Κορυδαλλέως,"['601', '603', '604', '606', '608']",38.276865,21.764608,28
Ψησταριά,"['601', '603', '604', '606', '608']",38.27789,21.765688,28
Βησσαρίωνος,"['601', '603', '604', '606', '608']",38.279123,21.767109,28
Προάστιο,"['601', '603', '604', '606', '608']",38.280428,21.768768,28
Μανδρέκα,"['601', '603', '604', '608', '901']",38.282293,21.771383,29
Γήπεδο Τόφαλος,"['601', '603', '604', '608', '901']",38.284483,21.772796,70
Ποταμός Χάραδρος,"['601', '603', '604', '901']",38.286222,21.774768,70
Πρυτανεία Πανεπιστημίου Πατρών,"['601', '602', '603', '604', '901']",38.286194,21.78604,37
Πολυτεχνείο,"['601', '602', '603', '604', '609', '610', '901', '902']",38.287956,21.786572,37
Συνεδριακό Κέντρο,"['601', '602', '603', '604', '609', '610', '901', '902']",38.289796,21.784963,37
Φυσικό,"['601', '602', '603', '604', '901']",38.291717,21.787022,37
Γεωλογικό,"['601', '602', '603', '604', '901']",38.293593,21.790318,69
Ιατρική,"['601', '602', '603', '604', '901']",38.294478,21.791896,69
Στάση,['603'],38.312369,21.808466,57
Πλάτωνος,['603'],38.307989,21.80924,11
Καραϊσκάκη,['603'],38.306039,21.804782,11
Χανίων,['603'],38.30484,21.801976,11
Βερναδέικα,['603'],38.301513,21.79741,68
Παπανδρέου,['603'],38.309281,21.811589,56
Τσαπαλέικα,['603'],38.310232,21.813432,56
25ης Μαρτίου,['603'],38.311045,21.815075,56
Άγιος Βασίλειος,['603'],38.313396,21.816814,56
Γραμμές ΟΣΕ Άγ. Βασίλειος,['603'],38.314571,21.816398,56
Ρέζου,['603'],38.316372,21.815715,56
Εθνικής Αντιστάσεως,['603'],38.316088,21.812364,56
Αμερικής,['603'],38.315688,21.811203,57
Ελευθερίου Βενιζέλου,['603'],38.31461,21.806969,57
Ελευθερίας,['603'],38.315153,21.806139,57
Ηπείρου,['603'],38.313731,21.802578,11
Οδυσσέα Ανδρούτσου,['603'],38.312389,21.8002,11
Δημορηγόπουλου,['603'],38.311032,21.797035,11
Ηρώων Πολυτεχνείου,['603'],38.310931,21.794246,43
Ποσειδώνος,['603'],38.308979,21.789014,43
Πλάστιγγα,['603'],38.308842,21.786757,43
Αθηνών,['603'],38.293901,21.785758,37
Αγ. Βαρβάρα,"['603', '604']",38.301091,21.796217,68
Πεσόντων,"['603', '604']",38.302572,21.79281,68
Ανατολική Προβλήτα,"['603', '604']",38.309944,21.784354,43
Δυτική Προβλήτα,"['603', '604']",38.308964,21.780327,43
Σώμερσετ,"['603', '604']",38.3078,21.781143,43
Κοραή,"['603', '604']",38.303085,21.782,22
Σταθμός ΟΣΕ Ρίο,"['603', '604']",38.301051,21.782033,22
Σχολεία Ρίο,"['603', '604']",38.299118,21.785652,69
Σταυροπούλου,"['603', '604']",38.296163,21.788516,69
Άγ. Γεώργιος,"['603', '604']",38.294614,21.788256,69
Δημαρχείο Ρίο,"['603', '604']",38.295666,21.791035,69
Αφετηρία Express,['602'],38.2368128,21.7280215,62
Νέο Αρχαιολογικό Μουσείο,['602'],38.263694,21.751805,92
Αρέθα (Miele),['602'],38.268179,21.755162,48
Όθ. Αμαλίας & Καρόλου,"['501', '502', '606', '607', '608', '801', '803', '901']",38.252591,21.736744,30
Βόλου,['607'],38.259424,21.766369,79
Κοζάνης,['607'],38.257742,21.76978,79
Άνω Συχαινά 1,['607'],38.259557,21.769783,79
Άνω Συχαινά 2,['607'],38.259516,21.77124,79
Αερογέφυρα Περιμετρική,['607'],38.259197,21.775527,79
Άγ. Δημήτριος,['607'],38.257809,21.780159,27
Σκιόεσσα,['607'],38.257476,21.783055,27
Βούντενη,['607'],38.257238,21.786834,27
Μάρκου Μπότσαρη,['607'],38.257858,21.787822,27
Βούντενη 2,['607'],38.257483,21.789509,27
Βούντενη 3,['607'],38.256862,21.792717,51
Μπάλα 1,['607'],38.254907,21.797024,51
Μπάλα 2,['607'],38.255072,21.798514,51
Τέρμα Μπάλα,"['607', '609']",38.254567,21.798912,51
Στροφή Καστελλοκάμπου 2,['608'],38.287849,21.775718,70
Μηχανικών Η/Υ,['608'],38.285643,21.788385,37
Γήπεδο Πανεπιστημίου,['608'],38.281806,21.78969,3
ΠΛΠΠ,['608'],38.279576,21.788321,3
Μαγούλα,['608'],38.276931,21.792588,3
Μαγούλα 1,['608'],38.274428,21.797063,3
Μαγούλα 3,['608'],38.27333,21.801674,54
Καστρίτσι 2,['608'],38.273434,21.809873,54
Καστρίτσι 4,['608'],38.272731,21.817991,95
Καστρίτσι 6,['608'],38.275063,21.824386,95
Καστρίτσι 8,['608'],38.27303,21.827388,24
Καστρίτσι 10,['608'],38.271739,21.830058,24
Καστρίτσι 12,['608'],38.272194,21.833507,24
ΤΣ Καστρίτσι,"['608', '609']",38.271468,21.835028,24
Καστρίτσι 11,['609'],38.272287,21.831946,24
Καστρίτσι 9,['609'],38.271928,21.828073,24
Καστρίτσι 7,['609'],38.273956,21.824561,95
Καστρίτσι 5,['609'],38.273758,21.819462,95
Καστρίτσι 3,['609'],38.273704,21.811902,54
Καστρίτσι 1,['609'],38.274512,21.805109,54
Μαγούλα 2,['609'],38.273111,21.799678,54
Γεωργίου Παπανδρέου,['609'],38.277426,21.79363,3
Ηλία Πολίτη,['609'],38.277841,21.791022,3
ΟΑΕΔ,"['609', '610', '902']",38.289716,21.781978,37
ΟΑΕΔ (Μπελαβγένη),"['609', '610', '902']",38.29069,21.780135,37
Στροφή Καστελλόκαμπου,"['609', '610', '902']",38.288006,21.775716,70
Πλάτανος,['609'],38.279252,21.767306,28
Μηχανική Καλλιέργεια 5,['609'],38.275136,21.762499,88
Οικονομική Περιφέρεια Αθηνών Πατρών,"['609', '610']",38.261537,21.749959,38
Πάροδος Θερμοπυλών,"['609', '610']",38.258454,21.747992,38
Αγ. Σοφίας,"['201', '609', '610']",38.256142,21.745367,39
Νάκας,"['609', '804']",38.24928,21.736484,74
Άγ. Διονύσιος - Επίκεντρο,"['503', '609', '804']",38.253193,21.738313,30
Porto Rio,"['606', '609']",38.297593,21.77442,22
Καστελλόκαμπος,['609'],38.291149,21.77101,70
Αχιλλέως,['609'],38.289876,21.76991,70
Χάραδρος,['609'],38.288808,21.768994,70
Δάφνες,['609'],38.285303,21.766741,29
Γραμμές,['609'],38.283018,21.765504,29
Πολυκάστης,['609'],38.281914,21.76702,29
Αφετηρία Αρχ. Κυρίλλου,"['602', '610']",38.236577,21.727731,62
Parking Περιβόλα,"['701', '702', '703', '704', '706', '707']",38.210566,21.762316,78
Δυρραχίου,['701'],38.212072,21.761558,78
Πανίτσα,['701'],38.212729,21.75962,77
Θωμοπούλου,['701'],38.215526,21.754474,26
Σεφέρη,['701'],38.217157,21.75281,26
Κόμβος Κουκούλι,['701'],38.219924,21.750474,45
Παμπελοποννησιακό,['701'],38.221649,21.750176,45
Κολυμβητήριο Α. Πεπανός,['701'],38.22402,21.749322,85
Λάγγουρας,['701'],38.225606,21.749388,85
Χίου,['701'],38.228354,21.748984,85
Parking Άγ. Ανδρέας,['701'],38.230676,21.748271,85
Νοσοκομείο Άγ. Ανδρέας,['701'],38.233991,21.747133,52
Νοσοκομείο Άγ. Ανδρέας,"['202', '701', '804']",38.235277,21.746578,52
Άγ. Αθανάσιος,"['701', '804']",38.237456,21.745582,53
Ψηλά Αλώνια (κάθοδος Γούναρη),"['104', '701', '804']",38.242098,21.735977,21
ΟΤΕ (κάθοδος Γούναρη),"['104', '701', '804']",38.24325,21.733719,20
Ερμού & Κανακάρη,"['702', '703', '704', '706', '707']",38.2463422,21.7365256,75
Βρυσακίων,['701'],38.209722,21.757364,77
Μεταμόρφωση Σωτήρος Μπεγουλάκι,['701'],38.209058,21.753937,25
Θεοτοκόπουλου,['701'],38.21062,21.753108,25
Λύτρα,['701'],38.212107,21.753024,25
Στουρνάρα,['701'],38.213574,21.752944,25
Βαρβάκη,['701'],38.216241,21.751627,26
Ιακωβίδου,['701'],38.216969,21.750497,26
ΤΕΙ,['701'],38.219058,21.750466,45
Κόμβος Parking Περιβόλα,['701'],38.208538,21.762034,77
Lidl,['701'],38.210044,21.759787,77
Βέτα,['701'],38.213026,21.756904,25
Κανακάρη & Γεροκωστοπούλου,"['702', '703', '704', '706', '707', '801', '803']",38.245416,21.735835,75
Κανακάρη & Φιλοποίμενος,"['702', '703', '704', '706', '707', '801', '803']",38.243803,21.733764,20
Νοσοκομείο Άγιος Ανδρέας,"['702', '703', '704', '706', '707']",38.23396,21.746961,52
Parking Σταθακοπούλου,"['702', '703', '704', '706', '707']",38.230674,21.748266,85
Σάμου,"['702', '703', '704', '706', '707']",38.228878,21.7489,85
Άγ. Γεώργιος Λάγγουρα,"['702', '703', '704', '706', '707']",38.225602,21.749303,85
Κόμβος ΤΕΙ,"['702', '703', '704', '706', '707']",38.219193,21.750882,45
Γεωργίου Σεφέρη,"['702', '703', '704', '706', '707']",38.217234,21.752712,26
Μουστάκη,"['702', '703', '704', '706', '707']",38.212732,21.759622,77
Carrefour,"['702', '707']",38.211525,21.763072,78
Νταβλούρου,"['702', '707']",38.211691,21.765624,78
Αντωνοπούλου,"['702', '707']",38.212317,21.771044,9
Διακίδη,"['702', '707']",38.212708,21.774471,9
Σταύρου,"['702', '707']",38.211364,21.77778,8
Κανάρη,"['702', '707']",38.212366,21.781883,8
Σούλι,"['702', '707']",38.21333,21.785128,8
Μιαούλη,"['702', '707']",38.21195,21.780347,8
Νεροτριβές,"['702', '707']",38.209617,21.780317,8
Ποτάμι,"['702', '707']",38.20909,21.781626,8
Πορφυρίου,"['702', '707']",38.207044,21.77786,9
Ζωοδόχος Πηγή,"['702', '707']",38.207929,21.771681,9
Κλάους,"['703', '704', '707']",38.196589,21.767773,66
Άγ. Νικόλαος,"['703', '704', '707']",38.192179,21.760334,18
Σαραβάλι,"['703', '704', '707']",38.191279,21.757465,17
Πλατεία Σαραβαλίου,"['703', '704', '707']",38.19166,21.754803,17
Γεννηματά,"['703', '704', '707']",38.192622,21.755163,17
Ποτάμι 2,"['703', '704', '707']",38.204911,21.76323,66
Ι.Ν. Αγ. Γεωργίου,"['703', '704', '707']",38.201318,21.764772,66
Πετραδάκι,"['703', '704', '707']",38.199142,21.766068,66
Σπίτια,"['703', '704', '707']",38.193717,21.756902,17
Άγ. Στέφανος 1,"['703', '704', '707']",38.195604,21.756503,17
Γήπεδο Σαραβαλίου,"['703', '704', '707']",38.195843,21.75978,18
Πατρών - Κλάους,"['703', '704', '707']",38.20335,21.763882,66
Ομπλός,"['703', '704', '707']",38.193828,21.762578,18
Κοινότητα,"['703', '704', '707']",38.191195,21.7563,17
Αγ. Στεφάνου,"['703', '704', '707']",38.193721,21.756922,17
Πατρών Κλάους,"['703', '704', '707']",38.203352,21.763891,66
Νοσοκομείο Άγ. Ανδρέα,"['201', '801', '803']",38.235146,21.74648,52
Άγ. Νεκτάριος,"['201', '801', '803']",38.230163,21.74205,94
Ταραμπούρα,"['801', '803']",38.217496,21.740808,44
Ετεοκλέους Θουρίας,"['801', '803']",38.215748,21.740724,44
Διοκλέους,"['801', '803']",38.212465,21.739535,55
Ακρωτηρίου & Γλαύκου,"['801', '803']",38.210909,21.7391,55
Λαχαναγορά,"['801', '803']",38.208737,21.738227,49
Αμαλιάδος,"['801', '803']",38.207267,21.737628,49
Αγ. Σωτήρος,"['801', '803']",38.205128,21.736851,49
Ρίτσι,"['801', '803']",38.203348,21.735508,49
Ιάσωνος,"['801', '803']",38.201418,21.733606,49
Θεμιστοκλέους,"['801', '803']",38.197928,21.732762,32
Βλάχου,"['801', '803']",38.195304,21.731651,32
Κεφαλοβρύσου,"['801', '803']",38.193458,21.731967,32
Δημοκρατίας,"['801', '803']",38.190695,21.73082,58
Παλαιών Πατρών Γερμανού,"['801', '803']",38.189632,21.72964,58
Δημαρχείο Μεσσάτιδας,"['801', '803']",38.188589,21.72867,58
Νικολάου Ντεβέ,"['801', '803']",38.18773,21.728198,58
1ο Δημοτικό Σχολείο Οβρυάς,['801'],38.188529,21.724822,90
3ης Σεπτέμβρη,['801'],38.190482,21.723921,90
Κόμβος Περιμετρική,['801'],38.189278,21.720741,90
Εργατικές Κατοικίες 3,['801'],38.193239,21.712511,23
ΤΣ Οβρυά,['801'],38.193224,21.712474,23
Δεμένικα - Παιδικός Σταθμός,"['801', '803']",38.202346,21.737078,49
Σχολεία Δεμένικα,"['801', '803']",38.202025,21.739688,49
Άγ. Θεόδωροι,"['801', '803']",38.201562,21.744043,50
Τέρμα Δεμένικα,"['801', '803']",38.201263,21.745826,50
Έλληνος Στρατιώτου,"['801', '803']",38.188682,21.734089,58
Πλατεία Πρ. Ηλία,"['801', '803']",38.18716,21.735544,58
Μίνωος,['803'],38.182166,21.728044,87
Κυριαζής,['803'],38.180033,21.728649,87
Αγία Τριάδα,['803'],38.161908,21.727733,2
Άνω Καλλιθέα,['803'],38.162939,21.730452,2
Τέρμα Καλλιθέα,"['803', '804']",38.161668,21.732368,2
Καλλιθέα,"['803', '804']",38.163455,21.729325,2
Διασταύρωση,"['803', '804']",38.163366,21.727466,2
Μπότσαρη,"['803', '804']",38.165473,21.726992,2
Στροφές,"['803', '804']",38.168399,21.727103,2
Βότση,"['803', '804']",38.17042,21.727076,2
Πάροδος Παλαιοχώρας,['803'],38.171502,21.722259,93
Παλαιοχώρας,['803'],38.170334,21.719654,93
Θέα,['803'],38.168746,21.716645,93
ΤΣ Θέα,"['803', '804']",38.166494,21.71549,93
Σχολεία Κάτω Οβρυάς,['804'],38.192309,21.710267,23
Καπετάν Γκριντζάλη,['804'],38.190942,21.709916,64
Χρήστου Γιαλελή,['804'],38.191419,21.704602,64
Κόμβος Περιμετρικής,['804'],38.189254,21.720702,90
Ηλείας,['804'],38.194905,21.728241,32
Αγ. Νικολάου,"['202', '303', '601', '602', '603', '604', '606', '607', '608', '804']",38.247595,21.73744,73
Αιόλου,['804'],38.178744,21.726286,87
Κρητικού,['804'],38.193454,21.731973,32
Άγ. Διονύσιος,"['104', '901']",38.254071,21.738578,31
Πλατεία Αγ. Λαύρας - ΙΚΑ,"['104', '901']",38.255382,21.740747,31
Πολυνείκους,"['104', '901']",38.265951,21.74668,91
Καζαντζάκη,['901'],38.26929,21.750316,14
Εμμανουήλ Ροΐδη,['901'],38.272686,21.754625,88
Αφετηρία Parking Τερψιθέας,['111'],38.268072,21.738905,97
Μαρίνα,['111'],38.264226,21.739388,97
Parking,['111'],38.267202,21.739356,97
Ακτή Δημαίων & Παπαφλέσσα,"['501', '502', '118']",38.240894,21.726288,61
Ακτή Δημαίων & Β. Ηπείρου,"['501', '502', '118']",38.233179,21.724697,59
Αφετηρία Νέο Λιμάνι,['118'],38.226381,21.721396,72
Ι.Ν. Άγ. Ανδρέας,"['503', '118']",38.24141,21.726533,61
